source,postcode,house_is,property_subtype,price,rooms_number,area,equipped_kitchen_has,furnished,open_fire,terrace,terrace_area,garden,garden_area,land_surface,facades_number,swimming_pool_has,region,building_state_agg,price_area
6,4180,True,MIXED_USE_BUILDING,295000,3,242,True,False,False,True,36,True,1000,1403,,False,W,good,1219.0082644628
6,8730,True,VILLA,675000,4,349,True,False,False,False,0,True,977,1526,,False,F,good,1934.0974212034
6,4020,True,APARTMENT_BLOCK,250000,5,303,True,False,False,False,0,False,0,760,,False,W,to_renovate,825.0825082508
6,1200,True,HOUSE,545000,4,235,True,True,False,False,0,False,0,63,,False,B,renovated,2319.1489361702
6,1190,True,MIXED_USE_BUILDING,500000,2,220,True,False,False,False,0,True,60,193,,False,B,good,2272.7272727273
6,4040,True,HOUSE,189000,3,200,True,False,False,False,0,True,40,100,,False,W,to_renovate,945
6,4540,True,MIXED_USE_BUILDING,465000,4,400,True,False,False,False,0,False,0,312,,False,W,good,1162.5
6,1150,True,APARTMENT_BLOCK,650000,4,200,True,False,False,True,4,True,150,301,,False,B,good,3250
6,6870,True,MIXED_USE_BUILDING,89000,3,180,True,False,False,False,0,False,0,96,,False,W,to_renovate,494.4444444444
6,4030,True,MIXED_USE_BUILDING,129000,3,156,True,False,False,False,0,False,0,71,,False,W,to_renovate,826.9230769231
6,9600,True,APARTMENT_BLOCK,389000,6,255,True,False,False,True,22,False,0,205,,False,F,good,1525.4901960784
6,1030,True,APARTMENT_BLOCK,399000,3,137,True,False,False,True,10,False,0,195,,False,B,to_renovate,2912.4087591241
6,4500,True,APARTMENT_BLOCK,425000,5,400,True,False,False,True,0,True,366,603,,False,W,good,1062.5
6,1200,True,APARTMENT_BLOCK,1750000,7,550,True,False,False,True,20,True,60,270,,False,B,good,3181.8181818182
6,3270,True,APARTMENT_BLOCK,198000,3,210,True,False,False,False,0,False,0,119,,False,F,to_renovate,942.8571428571
6,6760,True,APARTMENT_BLOCK,349000,1,118,True,False,False,False,0,False,0,63,,False,W,to_renovate,2957.6271186441
6,9290,True,MIXED_USE_BUILDING,445000,4,307,True,False,False,True,16,False,0,200,,False,F,good,1449.5114006515
6,8000,True,MANSION,659000,3,232,True,False,True,True,20,False,0,125,,False,F,renovated,2840.5172413793
6,1140,True,APARTMENT_BLOCK,695000,7,257,False,False,False,False,0,False,0,350,,False,B,to_renovate,2704.280155642
6,8000,True,MANSION,795000,5,265,True,False,False,True,38,False,0,110,,False,F,renovated,3000
6,6940,True,EXCEPTIONAL_PROPERTY,845000,7,340,True,False,False,False,0,True,6500,7000,,False,W,good,2485.2941176471
6,4671,True,APARTMENT_BLOCK,225000,4,270,True,False,False,True,150,False,0,315,,False,W,to_renovate,833.3333333333
6,4020,True,APARTMENT_BLOCK,280000,8,180,True,False,False,False,0,True,55,120,,False,W,to_renovate,1555.5555555556
6,1000,True,MIXED_USE_BUILDING,1395000,3,568,True,False,False,False,0,False,0,196,,False,B,renovated,2455.985915493
6,1000,True,MIXED_USE_BUILDING,2375000,10,927,True,False,False,True,0,False,0,183,,False,B,renovated,2562.0280474649
6,1000,True,MIXED_USE_BUILDING,5000000,41,2049,True,False,False,True,70,True,198,1988,,False,B,good,2440.214738897
6,1070,True,MIXED_USE_BUILDING,5000000,41,2049,True,False,False,True,70,True,198,1988,,False,B,good,2440.214738897
6,6030,True,APARTMENT_BLOCK,275000,3,205,True,False,False,False,0,False,0,167,,False,W,to_renovate,1341.4634146342
6,1030,True,APARTMENT_BLOCK,520000,8,360,True,False,False,True,15,True,65,147,,False,B,to_renovate,1444.4444444445
6,1090,True,APARTMENT_BLOCK,749000,8,350,True,False,False,True,37,True,138,235,,False,B,good,2140
6,1050,True,APARTMENT_BLOCK,2300000,5,500,True,False,False,True,8,True,130,258,,False,B,to_renovate,4600
6,1000,True,MIXED_USE_BUILDING,1475000,5,260,True,True,False,True,6,False,0,69,,False,B,good,5673.0769230769
6,1050,True,MIXED_USE_BUILDING,520000,4,200,False,False,False,False,0,False,0,69,,False,B,to_renovate,2600
6,1070,True,MIXED_USE_BUILDING,690000,5,230,True,False,False,True,25,False,0,489,,False,B,good,3000
6,1150,True,APARTMENT_BLOCK,925000,3,220,True,False,False,True,22,True,113,240,,False,B,good,4204.5454545455
6,5070,True,HOUSE,160000,4,200,True,False,False,True,0,True,200,360,,False,W,good,800
6,6980,True,MIXED_USE_BUILDING,199000,4,400,True,False,False,True,9,True,158,279,,False,W,good,497.5
6,6840,True,APARTMENT_BLOCK,209000,5,585,True,False,False,True,0,False,0,460,,False,W,good,357.264957265
6,9170,True,APARTMENT_BLOCK,399000,4,315,True,False,False,False,0,False,0,145,,False,F,good,1266.6666666667
6,8000,True,MANSION,649000,4,259,True,False,True,False,0,False,0,216,,False,F,good,2505.7915057915
6,1150,True,HOUSE,980000,4,325,True,False,False,True,26,True,300,400,,False,B,to_renovate,3015.3846153846
6,4300,True,APARTMENT_BLOCK,375000,4,200,True,False,False,False,0,True,200,345,,False,W,good,1875
6,8370,True,APARTMENT_BLOCK,250000,4,226,True,False,False,True,8,False,0,97,,False,F,renovated,1106.1946902655
6,1020,True,APARTMENT_BLOCK,398000,0,180,False,False,False,False,0,False,0,50,,False,B,renovated,2211.1111111111
6,1090,True,MIXED_USE_BUILDING,469000,0,203,False,False,False,False,0,False,0,80,,False,B,to_renovate,2310.3448275862
6,1150,True,MIXED_USE_BUILDING,550000,3,245,True,False,False,True,12,False,0,186,,False,B,good,2244.8979591837
6,1040,True,MIXED_USE_BUILDING,1150000,4,320,False,False,False,False,0,False,0,105,,False,B,good,3593.75
6,9000,True,MIXED_USE_BUILDING,498000,5,275,True,False,True,True,32,True,269,394,,False,F,renovated,1810.9090909091
6,1200,True,HOUSE,550000,4,180,True,False,False,True,4,True,44,0,,False,B,good,3055.5555555556
6,4500,True,APARTMENT_BLOCK,225000,6,380,True,False,False,True,105,True,2500,2897,,False,W,to_renovate,592.1052631579
6,5140,True,APARTMENT_BLOCK,200000,3,175,True,False,False,False,0,True,75,390,,False,W,good,1142.8571428572
6,6000,True,MIXED_USE_BUILDING,189000,2,170,True,False,False,False,0,False,0,80,,False,W,good,1111.7647058824
6,6180,True,MIXED_USE_BUILDING,199000,3,300,True,False,False,True,20,False,0,318,,False,W,good,663.3333333333
6,9170,True,HOUSE,209000,2,114,True,False,False,False,0,False,0,70,,False,F,to_renovate,1833.3333333333
6,4020,True,MIXED_USE_BUILDING,269000,3,130,True,False,False,True,25,False,0,319,,False,W,to_renovate,2069.2307692308
6,1300,True,MIXED_USE_BUILDING,300000,3,275,True,False,False,True,0,True,700,802,,False,W,to_renovate,1090.9090909091
6,6950,True,MIXED_USE_BUILDING,319000,2,380,True,False,False,True,4,False,0,385,,False,W,renovated,839.4736842105
6,3270,True,APARTMENT_BLOCK,445000,2,352,True,False,False,False,0,False,0,510,,False,F,good,1264.2045454546
6,1700,True,MIXED_USE_BUILDING,769000,4,412,True,False,False,True,108,False,0,865,,False,F,good,1866.5048543689
6,1300,True,APARTMENT_BLOCK,1250000,11,520,True,True,False,True,0,True,5500,5500,,True,W,renovated,2403.8461538462
6,1348,True,APARTMENT_BLOCK,1250000,11,520,True,True,False,True,0,True,5200,5500,,True,W,renovated,2403.8461538462
6,6230,True,APARTMENT_BLOCK,300000,4,370,True,False,False,True,0,False,0,800,,False,W,good,810.8108108108
6,4870,True,APARTMENT_BLOCK,289000,4,360,True,False,False,True,40,False,0,201,,False,W,to_renovate,802.7777777778
6,1030,True,APARTMENT_BLOCK,940000,6,240,True,False,False,False,0,False,0,335,,False,B,good,3916.6666666667
6,3890,True,HOUSE,199000,3,268,True,False,False,True,114,True,430,6,,False,F,good,742.5373134328
6,5100,True,APARTMENT_BLOCK,395000,5,330,True,False,False,False,0,False,0,391,,False,W,to_renovate,1196.9696969697
6,4000,True,MIXED_USE_BUILDING,620000,3,242,True,False,False,True,10,False,0,110,,False,W,good,2561.9834710744
6,1702,True,EXCEPTIONAL_PROPERTY,820000,4,367,True,False,False,True,30,True,9143,9143,,False,F,good,2234.3324250681
6,1200,True,APARTMENT_BLOCK,550000,3,160,False,False,False,True,4,True,44,0,,False,B,good,3437.5
6,7060,True,VILLA,215000,3,123,True,False,True,True,0,False,0,471,,False,W,to_renovate,1747.9674796748
6,1000,True,APARTMENT_BLOCK,3500000,10,850,True,True,False,False,0,False,0,230,,False,B,good,4117.6470588235
6,9000,True,APARTMENT_BLOCK,750000,7,315,True,False,False,True,4,False,0,100,,False,F,good,2380.9523809524
6,4020,True,MIXED_USE_BUILDING,125000,3,125,True,False,False,False,0,False,0,60,,False,W,to_renovate,1000
6,8450,True,APARTMENT_BLOCK,399000,5,237,True,False,False,False,0,False,0,205,,False,F,good,1683.5443037975
6,2018,True,APARTMENT_BLOCK,725000,4,360,True,False,False,False,0,False,0,160,,False,F,renovated,2013.8888888889
6,9000,True,HOUSE,665000,3,177,True,False,False,True,0,False,0,330,,False,F,good,3757.0621468927
6,1950,True,APARTMENT_BLOCK,725000,7,230,True,False,False,True,21,False,0,364,,False,F,renovated,3152.1739130435
6,4920,True,APARTMENT_BLOCK,218000,2,85,True,False,False,True,8,False,0,250,,False,W,good,2564.705882353
6,1800,True,MIXED_USE_BUILDING,349000,3,361,True,False,False,True,27,False,0,0,,False,F,good,966.7590027701
6,8370,True,HOUSE,330000,3,144,True,False,False,False,0,False,0,56,,False,F,good,2291.6666666667
6,3000,True,MIXED_USE_BUILDING,460000,6,280,True,False,False,True,0,False,0,162,,False,F,to_renovate,1642.8571428572
6,4500,True,MIXED_USE_BUILDING,175000,2,128,True,False,False,False,0,False,0,45,,False,W,good,1367.1875
6,6831,True,APARTMENT_BLOCK,299000,4,280,True,False,False,True,6,True,50,286,,False,W,renovated,1067.8571428572
6,9600,True,MIXED_USE_BUILDING,348000,3,470,True,False,False,True,0,False,0,256,,False,F,to_renovate,740.4255319149
6,7700,True,HOUSE,390000,4,180,True,False,False,True,100,False,0,0,,False,W,renovated,2166.6666666667
6,6767,True,MIXED_USE_BUILDING,395000,4,648,True,False,False,False,0,False,0,1788,,False,W,renovated,609.5679012346
6,9230,True,MIXED_USE_BUILDING,650000,0,983,True,False,False,False,0,True,57,773,,False,F,to_renovate,661.2410986775
6,1180,True,APARTMENT_BLOCK,785000,5,184,True,False,False,True,25,True,143,230,,False,B,to_renovate,4266.3043478261
6,3020,True,APARTMENT_BLOCK,1285000,10,425,True,False,False,True,9,False,0,637,,False,F,to_renovate,3023.5294117647
6,1040,True,MIXED_USE_BUILDING,1350000,3,423,False,False,False,True,0,True,76,221,,False,B,good,3191.4893617021
6,1200,True,MIXED_USE_BUILDING,2850000,15,2300,True,False,False,True,40,False,0,1633,,False,B,to_renovate,1239.1304347826
6,2390,True,HOUSE,285000,4,205,True,False,False,True,0,True,50,132,,False,F,good,1390.243902439
6,1400,True,MIXED_USE_BUILDING,490000,6,280,True,False,True,True,20,False,0,309,,False,W,good,1750
6,3900,True,MIXED_USE_BUILDING,1275000,4,204,True,False,False,False,0,False,0,40500,,False,F,good,6250
6,1080,True,MIXED_USE_BUILDING,388000,3,237,False,False,False,True,13,True,40,150,,False,B,good,1637.1308016878
6,1190,True,MIXED_USE_BUILDING,1795000,10,800,True,False,False,False,0,False,0,150,,False,B,good,2243.75
6,6600,True,MIXED_USE_BUILDING,425000,6,400,True,False,False,True,0,False,0,660,,False,W,good,1062.5
6,1400,True,MIXED_USE_BUILDING,199000,1,135,False,False,False,False,0,False,0,84,,False,W,renovated,1474.0740740741
6,1000,True,APARTMENT_BLOCK,1350000,7,400,True,False,False,True,75,False,0,206,,False,B,to_renovate,3375
6,9060,True,MIXED_USE_BUILDING,275000,2,187,True,False,True,True,0,False,0,0,,False,F,good,1470.5882352941
6,1000,True,MIXED_USE_BUILDING,1500000,6,521,True,False,False,True,15,True,15,202,,False,B,good,2879.0786948177
6,2100,True,MIXED_USE_BUILDING,425000,4,93,True,False,False,True,7,False,0,188,,False,F,good,4569.8924731183
6,6880,True,MIXED_USE_BUILDING,115000,2,127,True,False,False,True,40,False,0,88,,False,W,renovated,905.5118110236
6,6630,True,HOUSE,125000,5,209,True,False,False,False,0,False,0,162,,False,W,to_renovate,598.0861244019
6,9660,True,HOUSE,155000,2,210,True,False,False,False,0,False,0,0,,False,F,to_renovate,738.0952380952
6,6830,True,MIXED_USE_BUILDING,325000,4,224,True,False,False,False,0,False,0,0,,False,W,good,1450.8928571429
6,3040,True,MIXED_USE_BUILDING,445000,1,128,True,False,False,False,0,True,1200,1450,,False,F,to_renovate,3476.5625
6,1780,True,MIXED_USE_BUILDING,549000,6,288,True,False,False,True,21,True,284,522,,False,F,good,1906.25
6,9308,True,MIXED_USE_BUILDING,695000,4,235,True,False,True,True,0,False,0,4971,,False,F,to_renovate,2957.4468085106
6,9040,True,MIXED_USE_BUILDING,925000,0,349,True,False,False,False,0,False,0,94,,False,F,good,2650.4297994269
6,1150,True,EXCEPTIONAL_PROPERTY,1880000,7,400,False,False,False,True,100,True,562,650,,False,B,renovated,4700
6,2018,True,HOUSE,2450000,6,446,True,True,False,True,0,True,266,266,,False,F,good,5493.2735426009
6,2060,True,MIXED_USE_BUILDING,229000,2,114,True,False,False,True,5,False,0,50,,False,F,renovated,2008.7719298246
6,6870,True,HOUSE,119500,2,85,True,False,False,True,0,False,0,0,,False,W,good,1405.8823529412
6,9600,True,MIXED_USE_BUILDING,245000,3,200,True,False,False,True,27,False,0,120,,False,F,good,1225
6,1180,True,APARTMENT_BLOCK,495000,5,166,True,False,False,True,80,True,100,154,,False,B,good,2981.9277108434
6,9000,True,APARTMENT_BLOCK,600000,7,178,True,True,False,True,10,True,10,76,,False,F,good,3370.7865168539
6,1000,True,MIXED_USE_BUILDING,1500000,7,520,True,False,False,True,30,False,0,202,,False,B,good,2884.6153846154
6,1050,True,APARTMENT_BLOCK,490000,4,160,False,False,False,False,0,False,0,60,,False,B,to_renovate,3062.5
6,3390,True,MIXED_USE_BUILDING,398000,3,301,True,False,False,True,35,False,0,1140,,False,F,renovated,1322.2591362126
6,1040,True,APARTMENT_BLOCK,785000,6,233,True,False,False,True,7,False,0,72,,True,B,to_renovate,3369.0987124464
6,9160,True,MIXED_USE_BUILDING,595000,4,358,True,False,False,True,0,True,2289,2289,,False,F,good,1662.0111731844
6,5575,True,HOUSE,125000,2,100,True,False,False,True,20,False,0,0,,False,W,good,1250
6,4031,True,MIXED_USE_BUILDING,199000,4,193,True,False,False,True,0,True,146,360,,False,W,good,1031.0880829016
6,1435,True,APARTMENT_BLOCK,275000,1,115,True,False,False,True,0,False,0,153,,False,W,good,2391.3043478261
6,6700,True,MIXED_USE_BUILDING,310000,2,178,True,False,False,False,0,False,0,125,,False,W,good,1741.5730337079
6,1190,True,MIXED_USE_BUILDING,475000,4,190,False,False,False,False,0,False,0,50,,False,B,to_renovate,2500
6,1000,True,APARTMENT_BLOCK,735000,4,272,True,False,False,True,32,True,16,81,,False,B,renovated,2702.205882353
6,1030,True,APARTMENT_BLOCK,5500000,44,6330,True,False,False,True,10,False,0,2000,,False,B,good,868.87835703
6,1500,True,APARTMENT_BLOCK,630000,5,189,True,False,False,False,0,False,0,0,,False,F,renovated,3333.3333333333
6,9900,True,TOWN_HOUSE,249000,3,177,True,False,False,False,0,False,0,142,,False,F,good,1406.779661017
6,8700,True,HOUSE,368000,2,178,True,False,False,True,30,False,0,378,,False,F,good,2067.4157303371
6,3290,True,MIXED_USE_BUILDING,220000,7,265,True,False,False,False,0,True,550,700,,False,F,to_renovate,830.1886792453
6,8930,True,HOUSE,229000,3,120,True,False,False,True,43,True,288,335,,False,F,good,1908.3333333333
6,6230,True,APARTMENT_BLOCK,299900,5,240,True,False,False,True,40,False,0,1010,,False,W,good,1249.5833333333
6,8450,True,MIXED_USE_BUILDING,315000,3,172,True,False,False,True,20,False,0,233,,False,F,renovated,1831.3953488372
6,9240,True,MIXED_USE_BUILDING,365000,5,431,True,False,False,True,0,False,0,591,,False,F,to_renovate,846.86774942
6,2930,True,HOUSE,369000,2,135,True,False,False,True,50,True,50,235,,False,F,good,2733.3333333333
6,3040,True,MIXED_USE_BUILDING,395000,4,260,True,False,False,True,72,False,0,248,,False,F,good,1519.2307692308
6,4620,True,MIXED_USE_BUILDING,415000,4,315,False,False,False,True,0,False,0,484,,False,W,good,1317.4603174603
6,1080,True,APARTMENT_BLOCK,435000,4,204,True,False,False,False,0,False,0,120,,False,B,good,2132.3529411765
6,9940,True,MIXED_USE_BUILDING,525000,3,171,True,False,False,True,12,False,0,1988,,False,F,to_renovate,3070.1754385965
6,7850,True,VILLA,550000,4,276,True,False,False,True,68,True,400,1182,,False,W,good,1992.7536231884
6,2018,True,APARTMENT_BLOCK,669000,6,600,True,False,False,False,0,False,0,238,,False,F,to_renovate,1115
6,1160,True,APARTMENT_BLOCK,925000,9,300,True,True,True,True,20,True,65,125,,False,B,renovated,3083.3333333333
6,6230,True,MIXED_USE_BUILDING,179000,3,220,True,False,False,True,40,False,0,0,,False,W,to_renovate,813.6363636364
6,6238,True,MIXED_USE_BUILDING,179000,3,220,True,False,False,True,40,False,0,0,,False,W,to_renovate,813.6363636364
6,5590,True,APARTMENT_BLOCK,415000,5,263,True,False,False,False,0,False,0,154,,False,W,to_renovate,1577.9467680608
6,1000,True,APARTMENT_BLOCK,1350000,10,540,True,False,False,True,60,False,0,0,,False,B,to_renovate,2500
6,8790,True,MIXED_USE_BUILDING,165000,5,189,True,False,False,False,0,False,0,324,,False,F,to_renovate,873.0158730159
6,9900,True,APARTMENT_BLOCK,450000,6,280,False,False,False,True,0,False,0,589,,False,F,to_renovate,1607.1428571429
6,4000,True,HOUSE,229000,4,159,True,False,False,True,0,False,0,118,,False,W,good,1440.2515723271
6,1090,True,APARTMENT_BLOCK,700000,8,300,True,False,False,True,0,False,0,104,,False,B,to_renovate,2333.3333333333
6,9550,True,HOUSE,225000,2,130,True,False,False,False,0,False,0,132,,False,F,renovated,1730.7692307692
6,8500,True,HOUSE,280000,5,120,True,False,False,False,0,False,0,46,,False,F,to_renovate,2333.3333333333
6,1000,True,EXCEPTIONAL_PROPERTY,1460000,2,362,True,False,False,True,0,False,0,100,,False,B,good,4033.1491712707
6,4020,True,HOUSE,245000,4,180,True,False,False,False,0,False,0,0,,False,W,to_renovate,1361.1111111111
6,1800,True,APARTMENT_BLOCK,329000,3,210,True,False,False,True,5,True,36,126,,False,F,to_renovate,1566.6666666667
6,6900,True,HOUSE,525000,5,450,True,False,False,False,0,False,0,170,,False,W,good,1166.6666666667
6,9200,True,APARTMENT_BLOCK,535000,6,270,True,False,False,True,0,False,0,266,,False,F,good,1981.4814814815
6,8780,True,HOUSE,550000,8,331,True,False,False,True,0,False,0,100,,False,F,good,1661.6314199396
6,9000,True,APARTMENT_BLOCK,1275000,0,350,True,False,False,False,0,False,0,318,,False,F,good,3642.8571428572
6,1140,True,APARTMENT_BLOCK,795000,7,325,False,False,False,True,0,True,40,152,,False,B,to_renovate,2446.1538461539
6,1160,True,MIXED_USE_BUILDING,860000,6,300,True,False,False,True,40,True,60,185,,False,B,good,2866.6666666667
6,6821,True,HOUSE,310000,6,275,True,False,False,True,10,True,30,155,,False,W,good,1127.2727272727
6,4420,True,MIXED_USE_BUILDING,100000,3,280,True,False,False,False,0,True,20,153,,False,W,to_renovate,357.1428571429
6,7000,True,MIXED_USE_BUILDING,100000,3,207,False,False,False,False,0,False,0,0,,False,W,to_renovate,483.0917874396
6,3545,True,HOUSE,165000,2,110,True,False,False,False,0,False,0,185,,False,F,good,1500
6,6900,True,MIXED_USE_BUILDING,209900,0,160,True,False,False,False,0,False,0,0,,False,W,good,1311.875
6,6840,True,APARTMENT_BLOCK,210000,5,314,True,False,False,False,0,False,0,0,,False,W,good,668.7898089172
6,8530,True,MIXED_USE_BUILDING,215000,3,200,True,False,False,False,0,False,0,140,,False,F,to_renovate,1075
6,8820,True,HOUSE,219000,3,133,False,False,False,False,0,False,0,450,,False,F,to_renovate,1646.6165413534
6,9900,True,MIXED_USE_BUILDING,399000,4,235,True,False,True,False,0,False,0,348,,False,F,good,1697.8723404255
6,1060,True,MIXED_USE_BUILDING,495000,5,250,True,False,False,True,34,False,0,0,,False,B,good,1980
6,3090,True,MIXED_USE_BUILDING,495000,4,300,True,False,False,True,0,True,150,330,,False,F,renovated,1650
6,1000,True,APARTMENT_BLOCK,695000,4,180,True,False,False,True,3,False,0,0,,False,B,good,3861.1111111111
6,4500,True,HOUSE,135000,4,160,True,False,False,True,0,True,75,160,,False,W,to_renovate,843.75
6,8200,True,MIXED_USE_BUILDING,395000,4,258,True,False,False,True,60,False,0,155,,False,F,good,1531.007751938
6,1495,True,VILLA,850000,8,700,True,False,True,True,120,True,1400,2200,,True,W,good,1214.2857142857
6,8800,True,HOUSE,1250000,9,444,True,False,False,True,0,False,0,213,,False,F,good,2815.3153153153
6,9000,True,HOUSE,220000,4,136,False,False,False,False,0,False,0,55,,False,F,good,1617.6470588235
6,8530,True,APARTMENT_BLOCK,228000,2,99,False,False,False,False,0,False,0,33857,,False,F,good,2303.0303030303
6,1150,True,APARTMENT_BLOCK,1880000,7,450,True,False,True,True,93,True,562,0,,False,B,good,4177.7777777778
6,4800,True,APARTMENT_BLOCK,195000,5,165,True,False,False,True,40,True,80,250,,False,W,to_renovate,1181.8181818182
6,2800,True,APARTMENT_BLOCK,790000,4,425,True,False,False,True,56,True,22,238,,False,F,to_renovate,1858.8235294118
6,9255,True,HOUSE,360000,3,144,False,False,False,True,0,False,0,358,,False,F,renovated,2500
6,6760,True,MIXED_USE_BUILDING,450000,5,259,True,False,False,False,0,False,0,115,,False,W,renovated,1737.4517374517
6,8340,True,HOUSE,450000,3,112,True,True,True,False,0,True,35,98,,False,F,good,4017.8571428572
6,8310,True,APARTMENT_BLOCK,595000,8,300,True,False,False,True,10,True,170,540,,False,F,good,1983.3333333333
6,4500,True,MIXED_USE_BUILDING,159000,2,115,True,False,False,False,0,False,0,59,,False,W,good,1382.6086956522
6,4500,True,APARTMENT_BLOCK,199500,2,350,True,False,False,True,0,False,0,287,,False,W,good,570
6,5580,True,HOUSE,350000,8,289,True,False,False,True,0,False,0,1463,,False,W,good,1211.0726643599
6,1210,True,APARTMENT_BLOCK,435000,4,220,True,False,False,True,15,False,0,90,,False,B,to_renovate,1977.2727272727
6,4540,True,APARTMENT_BLOCK,180000,6,300,True,False,False,True,0,True,283,456,,False,W,to_renovate,600
6,6060,True,MIXED_USE_BUILDING,190000,6,362,True,False,False,True,59,True,286,286,,False,W,to_renovate,524.861878453
6,4032,True,MIXED_USE_BUILDING,400000,4,210,True,False,False,False,0,False,0,0,,False,W,good,1904.7619047619
6,4031,True,APARTMENT_BLOCK,650000,12,510,True,False,False,False,0,False,0,171,,False,W,to_renovate,1274.5098039216
6,3001,True,APARTMENT_BLOCK,665000,5,221,False,False,False,True,10,False,0,90,,False,F,to_renovate,3009.0497737557
6,9900,True,VILLA,695000,4,312,True,False,True,False,0,False,0,3339,,False,F,good,2227.5641025641
6,1180,True,APARTMENT_BLOCK,750000,3,220,True,False,False,False,0,False,0,290,,False,B,good,3409.0909090909
6,1200,True,APARTMENT_BLOCK,775000,5,220,False,False,False,True,40,False,0,185,,False,B,good,3522.7272727273
6,1000,True,APARTMENT_BLOCK,1150000,4,230,False,True,False,False,0,False,0,0,,False,B,good,5000
6,6010,True,MIXED_USE_BUILDING,125000,4,264,True,False,True,True,0,True,20,20,,False,W,good,473.4848484848
6,9340,True,MIXED_USE_BUILDING,299000,3,180,False,False,False,True,0,False,0,71,,False,F,good,1661.1111111111
6,1080,True,HOUSE,315000,6,180,True,False,False,False,0,False,0,58,,False,B,good,1750
6,3000,True,MANSION,895000,4,337,True,False,False,True,22,False,0,127,,False,F,good,2655.7863501484
6,9420,True,HOUSE,210000,2,80,True,False,False,True,10,True,13,51,,False,F,renovated,2625
6,9700,True,APARTMENT_BLOCK,670000,6,240,False,False,False,False,0,False,0,563,,False,F,good,2791.6666666667
6,4000,True,APARTMENT_BLOCK,950000,14,600,True,False,False,True,0,False,0,0,,False,W,renovated,1583.3333333333
6,9500,True,MIXED_USE_BUILDING,399000,2,231,True,True,False,False,0,True,633,789,,False,F,renovated,1727.2727272727
6,1020,True,APARTMENT_BLOCK,395000,0,185,False,False,False,False,0,False,0,101,,False,B,to_renovate,2135.1351351351
6,7300,True,APARTMENT_BLOCK,142500,3,112,True,False,False,True,30,False,0,100,,False,W,good,1272.3214285714
6,5060,True,MIXED_USE_BUILDING,215000,3,354,True,False,False,False,0,False,0,220,,False,W,to_renovate,607.3446327684
6,1400,True,MIXED_USE_BUILDING,290000,2,144,True,False,False,False,0,False,0,57,,False,W,good,2013.8888888889
6,6280,True,HOUSE,295000,4,185,True,False,False,False,0,False,0,752,,False,W,good,1594.5945945946
6,4000,True,MIXED_USE_BUILDING,300000,2,348,True,False,False,False,0,False,0,143,,False,W,to_renovate,862.0689655172
6,8300,True,HOUSE,399000,2,100,True,False,False,False,0,False,0,120,,False,F,good,3990
6,2830,True,MIXED_USE_BUILDING,520000,3,222,True,False,False,True,5,False,0,0,,False,F,good,2342.3423423424
6,2600,True,MIXED_USE_BUILDING,545000,4,300,True,False,False,True,8,True,40,200,,False,F,good,1816.6666666667
6,2100,True,EXCEPTIONAL_PROPERTY,789000,9,580,True,False,False,False,0,False,0,150,,False,F,good,1360.3448275862
6,9000,True,EXCEPTIONAL_PROPERTY,795000,2,144,True,False,False,True,40,True,45,112,,False,F,good,5520.8333333333
6,7180,True,MIXED_USE_BUILDING,175000,3,180,False,False,False,True,14,False,0,180,,False,W,good,972.2222222222
6,4420,True,MIXED_USE_BUILDING,185000,1,135,False,False,False,True,0,True,75,160,,False,W,to_renovate,1370.3703703704
6,5000,True,APARTMENT_BLOCK,295000,7,250,True,False,False,True,0,True,195,380,,False,W,good,1180
6,5030,True,MIXED_USE_BUILDING,350000,3,175,True,False,False,False,0,False,0,0,,False,W,good,2000
6,6032,True,APARTMENT_BLOCK,550000,5,400,True,False,False,True,80,True,500,616,,False,W,good,1375
6,7500,True,MIXED_USE_BUILDING,550000,7,275,True,False,False,False,0,False,0,126,,False,W,good,2000
6,1785,True,MIXED_USE_BUILDING,1185000,8,498,True,False,False,True,0,False,0,3800,,False,F,good,2379.5180722892
6,1170,True,APARTMENT_BLOCK,1795000,9,603,False,False,False,True,35,True,241,504,,False,B,good,2976.7827529022
6,1060,True,MIXED_USE_BUILDING,890000,9,313,True,False,False,False,0,False,0,86,,False,B,to_renovate,2843.4504792332
6,2018,True,APARTMENT_BLOCK,885000,7,440,False,False,False,False,0,False,0,184,,False,F,good,2011.3636363636
6,9240,True,HOUSE,335000,4,200,True,False,False,True,0,False,0,280,,False,F,good,1675
6,1400,True,MIXED_USE_BUILDING,159000,2,120,True,False,False,False,0,False,0,40,,False,W,good,1325
6,2800,True,MIXED_USE_BUILDING,199000,2,110,False,False,False,False,0,False,0,0,,False,F,to_renovate,1809.0909090909
6,4287,True,HOUSE,279000,4,273,True,False,False,False,0,False,0,14,,False,W,to_renovate,1021.978021978
6,1070,True,APARTMENT_BLOCK,399000,5,240,True,False,False,False,0,False,0,0,,False,B,to_renovate,1662.5
6,3620,True,APARTMENT_BLOCK,264000,2,108,True,True,False,False,0,False,0,108,,False,F,good,2444.4444444445
6,4000,True,MIXED_USE_BUILDING,485000,8,865,True,False,False,False,0,False,0,340,,False,W,to_renovate,560.6936416185
6,9600,True,APARTMENT_BLOCK,900000,10,461,True,False,False,False,0,False,0,690,,False,F,good,1952.2776572668
6,7130,True,APARTMENT_BLOCK,140000,2,162,True,False,False,True,0,False,0,90,,False,W,good,864.1975308642
6,4860,True,APARTMENT_BLOCK,162000,5,210,True,False,False,True,40,True,80,150,,False,W,good,771.4285714286
6,9000,True,HOUSE,165000,2,62,True,False,False,False,0,False,0,41,,False,F,good,2661.2903225807
6,6040,True,HOUSE,199000,4,290,True,False,False,True,0,True,550,800,,False,W,good,686.2068965517
6,4800,True,APARTMENT_BLOCK,212500,7,196,True,False,False,False,0,False,0,60,,False,W,good,1084.1836734694
6,4000,True,APARTMENT_BLOCK,229000,2,202,True,False,False,False,0,False,0,75,,False,W,good,1133.6633663366
6,9600,True,MIXED_USE_BUILDING,250000,0,900,True,False,False,False,0,False,0,550,,False,F,to_renovate,277.7777777778
6,2060,True,MIXED_USE_BUILDING,265000,3,153,True,False,False,False,0,False,0,45,,False,F,good,1732.0261437909
6,4800,True,MIXED_USE_BUILDING,265000,4,246,True,False,False,True,14,False,0,139,,False,W,good,1077.2357723577
6,7130,True,APARTMENT_BLOCK,270000,4,262,True,False,False,True,0,False,0,214,,False,W,good,1030.534351145
6,5060,True,APARTMENT_BLOCK,275000,4,240,True,False,False,False,0,False,0,250,,False,W,to_renovate,1145.8333333333
6,9032,True,HOUSE,275000,3,171,True,False,False,True,0,True,128,221,,False,F,to_renovate,1608.1871345029
6,5140,True,APARTMENT_BLOCK,370000,6,300,True,False,False,False,0,False,0,1467,,False,W,good,1233.3333333333
6,3018,True,MIXED_USE_BUILDING,440000,2,180,True,False,False,True,19,True,80,385,,False,F,good,2444.4444444445
6,6210,True,MIXED_USE_BUILDING,550000,3,800,False,False,False,False,0,False,0,2700,,False,W,good,687.5
6,9000,True,MIXED_USE_BUILDING,695000,5,180,True,False,False,False,0,False,0,71,,False,F,to_renovate,3861.1111111111
6,2830,True,MIXED_USE_BUILDING,379000,3,240,True,False,False,True,18,True,85,145,,False,F,good,1579.1666666667
6,5000,True,HOUSE,508800,4,170,True,True,False,True,0,True,16,100,,False,W,renovated,2992.9411764706
6,4870,True,MIXED_USE_BUILDING,259000,6,245,True,False,False,True,25,True,80,0,,False,W,good,1057.1428571429
6,8370,True,APARTMENT_BLOCK,860000,5,252,True,False,False,True,0,True,100,204,,False,F,renovated,3412.6984126984
6,1081,True,MIXED_USE_BUILDING,495000,3,248,True,False,False,True,4,False,0,89,,False,B,good,1995.9677419355
6,3000,True,HOUSE,915000,7,250,False,False,False,True,0,False,0,287,,False,F,renovated,3660
6,8660,True,HOUSE,210000,3,82,True,False,False,True,0,False,0,0,,False,F,good,2560.9756097561
6,8570,True,HOUSE,335000,3,190,True,False,False,True,0,False,0,154,,False,F,good,1763.1578947369
6,7134,True,HOUSE,350000,3,169,True,False,False,True,0,False,0,2620,,False,W,good,2071.0059171598
6,7000,True,MIXED_USE_BUILDING,495000,6,540,True,False,False,True,0,False,0,0,,False,W,good,916.6666666667
6,1000,True,APARTMENT_BLOCK,995000,5,330,True,True,False,True,10,False,0,178,,False,B,good,3015.1515151515
6,1180,True,MIXED_USE_BUILDING,1000000,3,440,True,False,False,True,10,False,0,225,,False,B,good,2272.7272727273
6,1040,True,MIXED_USE_BUILDING,1400000,4,430,True,False,False,True,15,True,200,317,,False,B,good,3255.8139534884
6,1200,True,APARTMENT_BLOCK,1500000,10,600,True,False,False,True,20,True,250,700,,False,B,good,2500
6,4800,True,HOUSE,99000,4,140,False,False,False,False,0,False,0,50,,False,W,to_renovate,707.1428571429
6,4000,True,APARTMENT_BLOCK,215000,4,168,False,False,False,True,50,False,0,120,,False,W,good,1279.7619047619
6,1070,True,APARTMENT_BLOCK,365000,4,145,False,False,False,False,0,False,0,40,,False,B,good,2517.2413793104
6,1080,True,APARTMENT_BLOCK,429000,4,202,True,False,False,True,0,True,22,93,,False,B,good,2123.7623762376
6,4800,True,APARTMENT_BLOCK,575000,10,500,True,False,False,False,0,False,0,216,,False,W,renovated,1150
6,9500,True,MIXED_USE_BUILDING,864000,3,646,True,False,True,True,20,True,400,1710,,True,F,good,1337.4613003096
6,1050,True,APARTMENT_BLOCK,1390000,5,390,True,False,False,True,50,False,0,0,,False,B,good,3564.1025641026
6,1180,True,MIXED_USE_BUILDING,2700000,5,800,False,False,False,True,0,False,0,300,,False,B,good,3375
6,8620,True,MIXED_USE_BUILDING,275000,4,228,True,False,False,False,0,True,128,213,,False,F,to_renovate,1206.1403508772
6,8660,True,HOUSE,399000,2,133,False,False,False,False,0,False,0,1052,,False,F,to_renovate,3000
6,1070,True,MIXED_USE_BUILDING,425000,5,236,True,False,False,False,0,False,0,1,,False,B,good,1800.8474576271
6,5522,True,MIXED_USE_BUILDING,525000,12,700,True,True,True,True,50,True,10000,10000,,False,W,good,750
6,3000,True,MANSION,1250000,7,600,True,False,False,True,108,False,0,416,,False,F,to_renovate,2083.3333333333
6,8000,True,HOUSE,1395000,3,600,False,True,False,False,0,False,0,1227,,False,F,good,2325
6,4000,True,APARTMENT_BLOCK,259000,4,190,True,False,False,True,0,False,0,577,,False,W,good,1363.1578947369
6,1630,True,VILLA,1590000,6,365,True,False,True,True,50,True,200,8300,,False,F,good,4356.1643835617
6,4860,True,MIXED_USE_BUILDING,155000,4,180,True,False,False,True,20,True,30,0,,False,W,to_renovate,861.1111111111
6,3900,True,HOUSE,169000,3,143,True,False,False,False,0,True,735,735,,False,F,to_renovate,1181.8181818182
6,2170,True,HOUSE,199000,7,170,True,False,False,True,0,True,1,70,,False,F,to_renovate,1170.5882352941
6,1400,True,MIXED_USE_BUILDING,250000,2,164,True,False,False,True,0,False,0,62,,False,W,good,1524.3902439024
6,3530,True,MIXED_USE_BUILDING,359500,4,290,True,False,False,True,0,False,0,1050,,False,F,good,1239.6551724138
6,4460,True,MIXED_USE_BUILDING,399000,3,270,True,False,False,True,50,False,0,134,,False,W,good,1477.7777777778
6,4130,True,MIXED_USE_BUILDING,500000,3,325,True,False,False,True,120,False,0,300,,False,W,good,1538.4615384615
6,9700,True,APARTMENT_BLOCK,529000,3,201,True,False,False,False,0,True,182,338,,False,F,good,2631.8407960199
6,9300,True,APARTMENT_BLOCK,579000,6,236,True,False,False,True,0,False,0,829,,False,F,good,2453.3898305085
6,5530,True,MIXED_USE_BUILDING,800000,11,562,True,False,False,True,120,False,0,600,,False,W,renovated,1423.487544484
6,1030,True,MIXED_USE_BUILDING,895000,8,590,False,False,False,True,60,True,270,432,,False,B,to_renovate,1516.9491525424
6,5300,True,APARTMENT_BLOCK,340000,3,195,True,False,False,True,12,False,0,151,,False,W,good,1743.5897435898
6,4217,True,COUNTRY_COTTAGE,350000,3,150,True,False,True,True,20,False,0,2327,,False,W,renovated,2333.3333333333
6,1435,True,APARTMENT_BLOCK,395000,3,180,True,False,False,True,74,False,0,575,,False,W,good,2194.4444444445
6,6140,True,APARTMENT_BLOCK,495000,9,375,True,False,False,True,0,False,0,1300,,False,W,good,1320
6,2180,True,MIXED_USE_BUILDING,700000,5,518,True,False,False,True,0,True,937,1088,,False,F,good,1351.3513513514
6,1050,True,APARTMENT_BLOCK,800000,4,415,True,False,False,False,0,False,0,162,,False,B,to_renovate,1927.7108433735
6,1070,True,APARTMENT_BLOCK,1300000,9,400,True,False,False,False,0,False,0,125,,False,B,good,3250
6,1050,True,APARTMENT_BLOCK,2200000,7,520,True,False,False,True,0,True,220,364,,False,B,good,4230.7692307692
6,6941,True,HOUSE,445000,5,200,True,False,True,False,0,False,0,1150,,True,W,good,2225
6,1480,True,APARTMENT_BLOCK,560000,6,500,True,False,False,True,80,True,1543,1543,,False,W,good,1120
6,1060,True,MIXED_USE_BUILDING,369000,4,240,False,False,False,True,0,False,0,0,,False,B,to_renovate,1537.5
6,2650,True,APARTMENT_BLOCK,469000,4,265,False,False,False,False,0,False,0,210,,False,F,good,1769.8113207547
6,9340,True,MIXED_USE_BUILDING,189000,3,200,False,False,False,False,0,False,0,169,,False,F,to_renovate,945
6,1420,True,HOUSE,550000,4,350,True,False,False,True,6,False,0,193,,False,W,good,1571.4285714286
6,8870,True,MIXED_USE_BUILDING,588000,5,234,True,False,False,False,0,False,0,2097,,False,F,good,2512.8205128205
6,4180,True,MIXED_USE_BUILDING,229000,4,312,True,False,False,True,20,False,0,9732,,False,W,to_renovate,733.9743589744
6,1830,True,MIXED_USE_BUILDING,435000,4,300,True,False,False,True,20,False,0,139,,False,F,to_renovate,1450
6,9890,True,MIXED_USE_BUILDING,395000,2,274,True,False,False,False,0,False,0,635,,False,F,to_renovate,1441.6058394161
6,1420,True,APARTMENT_BLOCK,990000,8,276,True,False,False,False,0,False,0,1272,,False,W,good,3586.9565217391
6,7130,True,APARTMENT_BLOCK,275000,4,190,True,False,False,False,0,False,0,74,,False,W,good,1447.3684210526
6,4800,True,APARTMENT_BLOCK,100000,3,141,False,False,False,False,0,False,0,170,,False,W,to_renovate,709.219858156
6,4860,True,MIXED_USE_BUILDING,149000,5,345,True,False,False,True,25,False,0,0,,False,W,to_renovate,431.884057971
6,6850,True,HOUSE,229000,2,100,True,False,False,True,0,True,60,150,,False,W,good,2290
6,5500,True,VILLA,269000,5,232,True,False,True,True,30,True,130,1185,,False,W,renovated,1159.4827586207
6,8310,True,HOUSE,300000,2,110,False,False,False,False,0,False,0,626,,False,F,to_renovate,2727.2727272727
6,9400,True,APARTMENT_BLOCK,649000,6,504,True,False,False,True,14,False,0,0,,False,F,good,1287.6984126984
6,1080,True,APARTMENT_BLOCK,650000,6,456,True,False,False,True,0,False,0,0,,False,B,to_renovate,1425.4385964912
6,6780,True,MIXED_USE_BUILDING,410000,3,281,True,False,False,False,0,False,0,282,,False,W,good,1459.0747330961
6,2800,True,APARTMENT_BLOCK,595000,4,637,True,False,False,True,24,False,0,370,,False,F,good,934.0659340659
6,9070,True,MIXED_USE_BUILDING,625000,3,260,True,False,False,False,0,False,0,300,,False,F,good,2403.8461538462
6,1030,True,MIXED_USE_BUILDING,875000,8,325,True,False,False,True,8,True,130,295,,False,B,good,2692.3076923077
6,1702,True,MIXED_USE_BUILDING,490000,3,260,False,False,False,False,0,False,0,317,,False,F,renovated,1884.6153846154
6,9600,True,HOUSE,125000,3,107,True,False,False,False,0,False,0,53,,False,F,renovated,1168.2242990654
6,6220,True,APARTMENT_BLOCK,149000,0,150,True,False,False,False,0,False,0,0,,False,W,good,993.3333333333
6,2260,True,MIXED_USE_BUILDING,319000,3,175,True,False,False,False,0,False,0,1055,,False,F,good,1822.8571428572
6,4970,True,COUNTRY_COTTAGE,425000,4,400,True,False,False,True,0,False,0,2515,,False,W,to_renovate,1062.5
6,4052,True,EXCEPTIONAL_PROPERTY,650000,5,433,True,False,False,True,0,False,0,1590,,False,W,good,1501.1547344111
6,4000,True,APARTMENT_BLOCK,745000,6,436,True,False,False,False,0,False,0,4362,,False,W,good,1708.7155963303
6,2018,True,APARTMENT_BLOCK,1180000,15,590,False,False,False,False,0,False,0,153,,False,F,to_renovate,2000
6,6220,True,APARTMENT_BLOCK,170000,0,270,True,False,False,False,0,False,0,0,,False,W,to_renovate,629.6296296296
6,6230,True,APARTMENT_BLOCK,249900,5,290,True,False,False,True,20,True,500,594,,False,W,to_renovate,861.724137931
6,9170,True,MIXED_USE_BUILDING,359000,3,317,True,False,False,True,20,True,50,325,,False,F,to_renovate,1132.4921135647
6,1470,True,APARTMENT_BLOCK,375000,6,250,True,False,False,True,80,False,0,308,,False,W,good,1500
6,4030,True,HOUSE,390000,4,285,True,False,False,True,15,True,45,340,,False,W,good,1368.4210526316
6,2000,True,MIXED_USE_BUILDING,495000,3,172,True,False,False,False,0,False,0,75,,False,F,to_renovate,2877.9069767442
6,1050,True,MIXED_USE_BUILDING,495777,5,170,True,False,False,False,0,False,0,40,,False,B,good,2916.3352941177
6,1000,True,APARTMENT_BLOCK,999000,3,112,True,True,False,False,0,False,0,35,,False,B,good,8919.6428571429
6,1200,True,APARTMENT_BLOCK,1195000,5,302,True,False,False,True,10,False,0,0,,False,B,good,3956.9536423841
6,1470,True,EXCEPTIONAL_PROPERTY,1950000,6,479,True,False,False,True,0,True,4000,25000,,True,W,renovated,4070.981210856
6,2840,True,MIXED_USE_BUILDING,600000,5,385,False,False,False,True,30,False,0,295,,False,F,good,1558.4415584416
6,7022,True,MIXED_USE_BUILDING,295000,7,282,False,False,False,True,16,True,250,530,,False,W,to_renovate,1046.0992907802
6,6700,True,MIXED_USE_BUILDING,350000,0,647,True,False,False,False,0,False,0,0,,False,W,good,540.9582689335
6,9300,True,MIXED_USE_BUILDING,425500,3,332,True,False,False,True,0,True,710,800,,False,F,good,1281.6265060241
6,9500,True,MIXED_USE_BUILDING,525000,2,265,False,False,False,True,0,False,0,110,,False,F,good,1981.1320754717
6,2560,True,APARTMENT_BLOCK,1320000,12,464,True,False,False,True,0,False,0,642,,False,F,renovated,2844.8275862069
6,4500,True,APARTMENT_BLOCK,195000,3,264,True,True,False,False,0,False,0,88,,False,W,to_renovate,738.6363636364
6,5380,True,MIXED_USE_BUILDING,199000,4,90,True,False,False,True,0,False,0,1250,,False,W,good,2211.1111111111
6,8380,True,MIXED_USE_BUILDING,220000,6,289,False,False,False,False,0,True,30,0,,False,F,to_renovate,761.2456747405
6,1400,True,MIXED_USE_BUILDING,270000,3,322,False,False,False,False,0,False,0,102,,False,W,good,838.5093167702
6,1790,True,MIXED_USE_BUILDING,429000,3,156,True,False,False,True,0,False,0,318,,False,F,good,2750
6,1030,True,MIXED_USE_BUILDING,645000,5,425,True,False,False,True,21,False,0,247,,False,B,to_renovate,1517.6470588235
6,1180,True,APARTMENT_BLOCK,3650000,3,1260,True,False,False,True,0,False,0,820,,False,B,good,2896.8253968254
6,1190,True,APARTMENT_BLOCK,3650000,3,1260,True,False,False,True,0,False,0,820,,False,B,good,2896.8253968254
6,4970,True,APARTMENT_BLOCK,120000,4,166,False,False,False,False,0,False,0,64,,False,W,good,722.8915662651
6,3391,True,MIXED_USE_BUILDING,460000,0,385,True,False,False,False,0,False,0,0,,False,F,good,1194.8051948052
6,1070,True,HOUSE,1450000,13,1590,True,False,False,False,0,False,0,0,,False,B,to_renovate,911.9496855346
6,1180,True,APARTMENT_BLOCK,3700000,0,1790,False,False,False,False,0,False,0,0,,False,B,good,2067.0391061453
6,1190,True,APARTMENT_BLOCK,3700000,0,1790,False,False,False,False,0,False,0,0,,False,B,good,2067.0391061453
6,7033,True,MIXED_USE_BUILDING,299000,2,160,False,False,False,True,26,False,0,300,,False,W,good,1868.75
6,1428,True,APARTMENT_BLOCK,515000,4,230,True,False,False,False,0,False,0,150,,False,W,good,2239.1304347826
6,5000,True,APARTMENT_BLOCK,650000,12,254,True,False,False,False,0,False,0,0,,False,W,good,2559.0551181102
6,6240,True,APARTMENT_BLOCK,290000,3,190,True,False,False,False,0,False,0,810,,False,W,renovated,1526.3157894737
6,4690,True,MIXED_USE_BUILDING,315000,4,350,True,False,False,False,0,False,0,260,,False,W,good,900
6,1410,True,MIXED_USE_BUILDING,379000,1,133,False,False,False,True,0,False,0,126,,False,W,good,2849.6240601504
6,6700,True,APARTMENT_BLOCK,390000,3,162,True,False,False,False,0,False,0,0,,False,W,good,2407.4074074074
6,6140,True,MIXED_USE_BUILDING,99900,6,180,True,False,False,False,0,True,30,128,,False,W,to_renovate,555
6,5060,True,MIXED_USE_BUILDING,125000,0,144,False,False,False,False,0,False,0,105,,False,W,to_renovate,868.0555555556
6,7011,True,MIXED_USE_BUILDING,350000,4,240,True,False,False,False,0,False,0,1800,,False,W,to_renovate,1458.3333333333
6,9830,True,MIXED_USE_BUILDING,399500,3,205,False,False,False,False,0,False,0,255,,False,F,to_renovate,1948.7804878049
6,1030,True,APARTMENT_BLOCK,693000,3,245,False,False,False,False,0,False,0,0,,False,B,good,2828.5714285714
6,8433,True,EXCEPTIONAL_PROPERTY,1800000,12,800,True,False,False,False,0,True,55000,55000,,False,F,good,2250
6,7110,True,HOUSE,119000,4,95,False,False,False,False,0,False,0,0,,False,W,to_renovate,1252.6315789474
6,8000,True,HOUSE,369000,4,172,True,False,False,True,0,False,0,12000,,False,F,good,2145.3488372093
6,8490,True,HOUSE,449000,5,492,True,False,False,True,0,False,0,1009,,False,F,good,912.6016260163
6,1070,True,HOUSE,530000,6,300,True,False,False,False,0,True,80,193,,False,B,good,1766.6666666667
6,1070,True,APARTMENT_BLOCK,530000,6,297,True,False,False,False,0,True,80,193,,False,B,to_renovate,1784.5117845118
6,1080,True,APARTMENT_BLOCK,1490000,10,700,False,False,False,True,0,False,0,0,,False,B,good,2128.5714285714
6,8000,True,APARTMENT_BLOCK,373000,2,170,True,False,False,False,0,False,0,0,,False,F,good,2194.1176470588
6,3000,True,HOUSE,1175000,3,200,True,False,False,False,0,False,0,52,,False,F,good,5875
6,6040,True,MIXED_USE_BUILDING,177000,3,107,False,False,False,True,0,True,508,941,,False,W,renovated,1654.2056074766
6,1190,True,APARTMENT_BLOCK,1400000,8,600,True,False,False,True,38,True,120,287,,False,B,good,2333.3333333333
6,1480,True,APARTMENT_BLOCK,575000,24,850,True,False,False,True,80,False,0,500,,False,W,good,676.4705882353
6,8300,True,VILLA,4200000,4,510,True,False,False,True,0,False,0,3461,,False,F,good,8235.2941176471
6,9060,True,APARTMENT_BLOCK,950000,12,510,False,False,False,False,0,False,0,400,,False,F,good,1862.7450980392
6,1030,True,MIXED_USE_BUILDING,1000000,2,430,True,False,False,False,0,False,0,130,,False,B,good,2325.5813953488
6,1030,True,APARTMENT_BLOCK,395000,4,200,False,False,False,True,10,True,130,220,,False,B,to_renovate,1975
6,1060,True,APARTMENT_BLOCK,2950000,9,700,True,False,False,True,60,True,60,240,,False,B,good,4214.2857142857
6,6061,True,APARTMENT_BLOCK,145000,3,140,True,False,False,False,0,False,0,61,,False,W,good,1035.7142857143
6,8755,True,MIXED_USE_BUILDING,269000,3,187,True,False,False,False,0,False,0,151,,False,F,good,1438.5026737968
6,6540,True,MANSION,270000,6,275,True,False,False,True,38,True,460,635,,False,W,renovated,981.8181818182
6,3300,True,APARTMENT_BLOCK,349000,5,196,True,False,False,True,8,False,0,0,,False,F,good,1780.612244898
6,1080,True,MIXED_USE_BUILDING,875000,10,500,True,False,False,True,0,False,0,100,,False,B,to_renovate,1750
6,1050,True,APARTMENT_BLOCK,985000,5,275,True,False,False,True,14,False,0,108,,False,B,good,3581.8181818182
6,1030,True,MIXED_USE_BUILDING,1100000,6,430,True,False,False,True,5,False,0,130,,False,B,good,2558.1395348837
6,1000,True,APARTMENT_BLOCK,1975000,10,716,True,True,False,True,15,False,0,0,,False,B,good,2758.3798882682
6,8620,True,MIXED_USE_BUILDING,190000,2,123,False,False,False,False,0,False,0,41,,False,F,good,1544.7154471545
6,7020,True,MIXED_USE_BUILDING,385000,3,450,True,False,False,True,200,True,50,904,,False,W,good,855.5555555556
6,1861,True,MIXED_USE_BUILDING,425000,3,259,True,False,False,True,0,False,0,486,,False,F,good,1640.9266409266
6,9280,True,APARTMENT_BLOCK,580000,5,200,False,False,False,True,0,False,0,370,,False,F,good,2900
6,5032,True,APARTMENT_BLOCK,395000,4,140,True,False,False,False,0,False,0,782,,False,W,good,2821.4285714286
6,6690,True,OTHER_PROPERTY,99000,1,125,True,False,False,False,0,False,0,125,,False,W,good,792
6,9300,True,MIXED_USE_BUILDING,159000,2,168,False,False,False,False,0,False,0,90,,False,F,to_renovate,946.4285714286
6,1420,True,MIXED_USE_BUILDING,299000,3,200,False,False,False,False,0,False,0,288,,False,W,to_renovate,1495
6,8300,True,HOUSE,470000,2,168,False,False,False,True,0,False,0,110,,False,F,good,2797.6190476191
6,9280,True,HOUSE,599000,4,400,True,False,False,True,75,False,0,364,,False,F,good,1497.5
6,1332,True,APARTMENT_BLOCK,3540000,2,227,True,False,False,True,0,False,0,585,,False,W,good,15594.7136563877
6,3090,True,APARTMENT_BLOCK,3540000,2,227,True,False,False,True,0,False,0,585,,False,F,good,15594.7136563877
6,8000,True,HOUSE,385000,3,157,True,False,False,True,50,False,0,106,,False,F,renovated,2452.2292993631
6,1190,True,APARTMENT_BLOCK,500000,3,230,True,False,False,True,2,True,80,176,,False,B,to_renovate,2173.9130434783
6,8000,True,MANSION,595000,3,266,True,False,False,True,38,False,0,88,,False,F,good,2236.8421052632
6,8210,True,COUNTRY_COTTAGE,895000,4,240,True,False,False,False,0,False,0,15543,,True,F,renovated,3729.1666666667
6,9000,True,APARTMENT_BLOCK,1075000,4,275,True,False,False,True,46,False,0,0,,False,F,renovated,3909.0909090909
6,6140,True,MIXED_USE_BUILDING,99900,4,160,False,False,False,False,0,False,0,88,,False,W,to_renovate,624.375
6,4032,True,TOWN_HOUSE,235000,3,110,False,False,False,False,0,False,0,500,,False,W,renovated,2136.3636363636
6,4920,True,MIXED_USE_BUILDING,245000,2,160,True,False,False,False,0,False,0,0,,False,W,renovated,1531.25
6,1030,True,APARTMENT_BLOCK,523000,3,189,False,False,False,False,0,False,0,0,,False,B,good,2767.1957671958
6,4000,True,MIXED_USE_BUILDING,165000,3,160,True,False,False,True,20,True,109,0,,False,W,good,1031.25
6,4830,True,APARTMENT_BLOCK,169000,3,137,True,False,False,True,40,True,80,156,,False,W,good,1233.5766423358
6,5030,True,MIXED_USE_BUILDING,175000,3,70,True,False,False,False,0,False,0,34,,False,W,good,2500
6,4020,True,MIXED_USE_BUILDING,275000,3,95,True,False,False,True,0,False,0,145,,False,W,good,2894.7368421053
6,9000,True,HOUSE,290000,5,142,True,False,False,False,0,False,0,112,,False,F,good,2042.2535211268
6,1400,True,MIXED_USE_BUILDING,550000,3,800,False,False,False,False,0,False,0,2700,,False,W,good,687.5
6,3053,True,APARTMENT_BLOCK,835000,0,320,True,False,False,False,0,False,0,892,,False,F,good,2609.375
6,9000,True,MIXED_USE_BUILDING,895000,3,351,True,False,False,True,21,False,0,147,,False,F,good,2549.8575498576
6,9300,True,MIXED_USE_BUILDING,139000,0,93,False,False,False,False,0,False,0,0,,False,F,to_renovate,1494.623655914
6,1430,True,FARMHOUSE,295000,2,491,False,False,False,True,0,False,0,700,,False,W,to_renovate,600.8146639511
6,8840,True,MIXED_USE_BUILDING,450000,4,200,False,False,False,False,0,False,0,403,,False,F,good,2250
6,1150,True,MIXED_USE_BUILDING,999000,5,625,False,False,False,True,110,True,600,999,,False,B,good,1598.4
6,9000,True,MIXED_USE_BUILDING,2900000,34,1148,True,False,False,False,0,False,0,212,,False,F,to_renovate,2526.1324041812
6,4000,True,MIXED_USE_BUILDING,159000,0,97,True,False,False,False,0,False,0,32,,False,W,to_renovate,1639.175257732
6,2890,True,MIXED_USE_BUILDING,398000,3,157,True,False,False,True,18,True,246,406,,False,F,good,2535.0318471338
6,2890,True,APARTMENT_BLOCK,425000,3,391,True,True,False,False,0,False,0,391,,False,F,good,1086.9565217391
6,2890,True,APARTMENT_BLOCK,450000,3,391,True,True,False,False,0,False,0,391,,False,F,good,1150.895140665
6,1040,True,HOUSE,850000,6,253,False,False,False,False,0,True,80,162,,False,B,good,3359.6837944664
6,3000,True,APARTMENT_BLOCK,2160000,13,345,True,False,False,False,0,True,50,146,,False,F,good,6260.8695652174
6,8870,True,MIXED_USE_BUILDING,165000,2,150,False,False,False,False,0,False,0,77,,False,F,good,1100
6,8300,True,HOUSE,498000,3,227,True,False,True,True,25,False,0,163,,False,F,good,2193.832599119
6,7000,True,MIXED_USE_BUILDING,155000,5,80,True,False,False,False,0,False,0,39,,False,W,to_renovate,1937.5
6,6180,True,APARTMENT_BLOCK,450000,10,400,True,False,False,True,0,False,0,1100,,False,W,good,1125
6,7340,True,MIXED_USE_BUILDING,140000,0,265,True,False,False,True,30,False,0,165,,False,W,good,528.3018867925
6,1050,True,APARTMENT_BLOCK,765000,5,185,True,False,False,False,0,False,0,77,,False,B,to_renovate,4135.1351351351
6,8370,True,HOUSE,549000,5,340,False,False,False,False,0,False,0,118,,False,F,good,1614.705882353
6,6111,True,MIXED_USE_BUILDING,145000,5,150,True,False,False,False,0,False,0,350,,False,W,to_renovate,966.6666666667
6,1060,True,MIXED_USE_BUILDING,299000,0,110,False,False,False,False,0,False,0,0,,False,B,to_renovate,2718.1818181818
6,5370,True,MIXED_USE_BUILDING,250000,2,175,True,False,False,False,0,False,0,110,,False,W,good,1428.5714285714
6,6000,True,APARTMENT_BLOCK,328000,10,900,True,False,False,False,0,False,0,0,,False,W,to_renovate,364.4444444444
6,7012,True,MIXED_USE_BUILDING,145000,2,250,True,False,False,True,0,False,0,210,,False,W,good,580
6,1790,True,MIXED_USE_BUILDING,410000,5,250,True,False,False,True,0,False,0,419,,False,F,renovated,1640
6,8870,True,MIXED_USE_BUILDING,515000,3,176,True,False,True,False,0,False,0,629,,False,F,good,2926.1363636364
6,7830,True,MIXED_USE_BUILDING,400000,4,535,True,False,False,True,300,True,300,636,,False,W,good,747.6635514019
6,1070,True,APARTMENT_BLOCK,519000,4,190,True,False,False,True,49,False,0,0,,False,B,good,2731.5789473684
6,1030,True,APARTMENT_BLOCK,818000,5,305,False,False,False,False,0,False,0,0,,False,B,good,2681.9672131148
6,7100,True,MIXED_USE_BUILDING,105500,0,160,True,False,False,False,0,False,0,80,,False,W,to_renovate,659.375
6,4540,True,HOUSE,199000,1,179,True,False,False,False,0,False,0,0,,False,W,to_renovate,1111.7318435754
6,1030,True,APARTMENT_BLOCK,750000,7,425,True,False,False,False,0,False,0,378,,False,B,good,1764.705882353
6,1000,True,APARTMENT_BLOCK,1375000,12,580,False,False,False,False,0,False,0,150,,False,B,to_renovate,2370.6896551724
6,2400,True,MIXED_USE_BUILDING,195000,4,251,True,False,False,False,0,False,0,84,,False,F,to_renovate,776.8924302789
6,4100,True,MIXED_USE_BUILDING,940000,8,880,False,False,False,False,0,False,0,933,,False,W,good,1068.1818181818
6,2880,True,APARTMENT_BLOCK,165000,2,105,False,False,False,True,0,False,0,0,,False,F,good,1571.4285714286
6,4400,True,APARTMENT_BLOCK,329000,6,273,True,False,False,False,0,True,400,638,,False,W,to_renovate,1205.1282051282
6,8380,True,HOUSE,450000,0,220,False,False,False,False,0,False,0,178,,False,F,good,2045.4545454546
6,8000,True,HOUSE,498000,2,190,False,False,False,False,0,False,0,160,,False,F,good,2621.052631579
6,4470,True,APARTMENT_BLOCK,585000,18,1500,True,False,False,True,0,False,0,2500,,False,W,to_renovate,390
6,4800,True,MIXED_USE_BUILDING,125000,4,150,True,False,False,False,0,False,0,0,,False,W,good,833.3333333333
6,8560,True,MIXED_USE_BUILDING,265000,4,160,True,False,True,False,0,False,0,398,,False,F,good,1656.25
6,6031,True,APARTMENT_BLOCK,370000,6,310,True,False,False,True,0,False,0,549,,False,W,good,1193.5483870968
6,9260,True,APARTMENT_BLOCK,1050000,10,526,True,False,False,True,0,False,0,817,,False,F,good,1996.1977186312
6,9050,True,APARTMENT_BLOCK,1450000,10,384,False,False,False,True,20,False,0,148,,False,F,good,3776.0416666667
6,8660,True,VILLA,824000,4,245,True,False,False,False,0,False,0,1253,,False,F,good,3363.2653061225
6,9032,True,APARTMENT_BLOCK,2500000,0,670,False,False,False,False,0,False,0,432,,False,F,good,3731.3432835821
6,5570,True,MIXED_USE_BUILDING,215000,1,200,False,False,False,False,0,False,0,90,,False,W,good,1075
6,6140,True,APARTMENT_BLOCK,180000,4,195,False,False,False,False,0,False,0,1,,False,W,good,923.0769230769
6,9031,True,APARTMENT_BLOCK,635000,2,255,False,False,False,False,0,False,0,0,,False,F,good,2490.1960784314
6,1060,True,MIXED_USE_BUILDING,1050000,3,385,True,False,False,True,11,False,0,93,,False,B,good,2727.2727272727
6,4052,True,HOUSE,275000,5,350,False,False,False,False,0,False,0,473,,False,W,to_renovate,785.7142857143
6,4000,True,HOUSE,305000,7,255,True,False,False,True,10,True,72,146,,False,W,to_renovate,1196.0784313726
6,4000,True,MIXED_USE_BUILDING,399000,4,236,False,False,False,False,0,False,0,130,,False,W,good,1690.6779661017
6,1060,True,MIXED_USE_BUILDING,560000,4,270,True,False,False,True,90,False,0,0,,False,B,good,2074.0740740741
6,4020,True,APARTMENT_BLOCK,630000,16,475,False,False,False,True,2,False,0,98,,False,W,to_renovate,1326.3157894737
6,1180,True,APARTMENT_BLOCK,945000,7,380,True,False,False,True,23,True,200,393,,False,B,to_renovate,2486.8421052632
6,3001,True,HOUSE,1090000,4,304,True,False,False,False,0,False,0,310,,False,F,good,3585.5263157895
6,7340,True,MIXED_USE_BUILDING,125000,8,385,True,False,False,False,0,False,0,620,,False,W,good,324.6753246753
6,5190,True,MIXED_USE_BUILDING,125000,1,256,True,False,False,False,0,False,0,317,,False,W,to_renovate,488.28125
6,6032,True,CASTLE,535000,6,300,False,False,False,True,0,True,1253,1393,,False,W,to_renovate,1783.3333333333
6,7021,True,APARTMENT_BLOCK,15000000,100,8800,True,False,False,False,0,False,0,45000,,False,W,renovated,1704.5454545455
6,9280,True,HOUSE,195000,3,182,False,False,False,True,0,False,0,150,,False,F,good,1071.4285714286
6,1400,True,MIXED_USE_BUILDING,200000,0,95,False,False,False,False,0,False,0,0,,False,W,good,2105.2631578947
6,1060,True,APARTMENT_BLOCK,990000,10,580,False,False,False,False,0,False,0,140,,False,B,to_renovate,1706.8965517241
6,9420,True,HOUSE,139000,2,76,True,False,False,True,0,False,0,230,,False,F,to_renovate,1828.9473684211
6,9280,True,MIXED_USE_BUILDING,249999,3,200,True,False,False,False,0,False,0,240,,False,F,to_renovate,1249.995
6,9300,True,MIXED_USE_BUILDING,290000,3,210,True,False,False,True,0,False,0,0,,False,F,renovated,1380.9523809524
6,4030,True,APARTMENT_BLOCK,499500,4,570,True,False,False,False,0,True,345,735,,False,W,to_renovate,876.3157894737
6,8480,True,HOUSE,499900,3,209,True,False,False,False,0,False,0,1633,,False,F,good,2391.8660287081
6,3000,True,HOUSE,1375000,7,507,False,False,False,False,0,False,0,670,,False,F,good,2712.0315581854
6,8954,True,HOUSE,207010,2,70,False,False,False,False,0,False,0,0,,False,F,good,2957.2857142857
6,6041,True,HOUSE,240000,3,274,False,False,False,True,0,False,0,0,,False,W,good,875.9124087591
6,8301,True,HOUSE,240000,2,75,False,False,False,True,0,False,0,0,,False,F,good,3200
6,8670,True,HOUSE,249000,2,120,True,False,False,True,7,False,0,213,,False,F,to_renovate,2075
6,1030,True,MIXED_USE_BUILDING,1100000,0,920,False,False,False,False,0,False,0,332,,False,B,to_renovate,1195.6521739131
6,1000,True,APARTMENT_BLOCK,2450000,0,630,True,False,False,False,0,False,0,0,,False,B,good,3888.8888888889
6,4800,True,APARTMENT_BLOCK,149000,2,234,False,False,False,False,0,False,0,81,,False,W,to_renovate,636.7521367521
6,6560,True,MIXED_USE_BUILDING,395000,6,1500,True,False,False,False,0,False,0,0,,False,W,good,263.3333333333
6,4000,True,MIXED_USE_BUILDING,399000,3,395,True,False,False,False,0,True,35,0,,False,W,good,1010.1265822785
6,7532,True,MIXED_USE_BUILDING,499000,4,160,True,True,False,False,0,False,0,0,,False,W,good,3118.75
6,9230,True,APARTMENT_BLOCK,745000,5,217,True,False,False,True,0,False,0,266,,False,F,good,3433.1797235023
6,1070,True,APARTMENT_BLOCK,1950000,15,985,True,False,False,False,0,False,0,380,,False,B,good,1979.6954314721
6,6000,True,APARTMENT_BLOCK,325000,3,61,True,False,False,False,0,False,0,0,,False,W,good,5327.868852459
6,1050,True,HOUSE,650000,6,250,True,False,False,False,0,False,0,60,,False,B,good,2600
6,5030,True,EXCEPTIONAL_PROPERTY,970000,1,800,False,False,False,False,0,False,0,1153,,False,W,good,1212.5
6,7300,True,HOUSE,85000,3,126,True,False,False,True,0,False,0,225,,False,W,good,674.6031746032
6,9420,True,HOUSE,139000,2,131,True,False,False,False,0,False,0,210,,False,F,to_renovate,1061.0687022901
6,9000,True,HOUSE,395000,5,115,False,False,False,False,0,False,0,47,,False,F,good,3434.7826086957
6,1730,True,MIXED_USE_BUILDING,675000,3,140,True,False,False,True,0,False,0,382,,False,F,good,4821.4285714286
6,1600,True,APARTMENT_BLOCK,280000,2,138,True,False,False,False,0,False,0,185,,False,F,good,2028.9855072464
6,6224,True,MIXED_USE_BUILDING,399000,6,330,True,False,False,True,0,True,1400,1764,,False,W,to_renovate,1209.0909090909
6,7033,True,APARTMENT_BLOCK,260000,0,300,False,False,False,True,0,False,0,580,,False,W,to_renovate,866.6666666667
6,6060,True,APARTMENT_BLOCK,335000,15,500,False,False,False,False,0,False,0,875,,False,W,to_renovate,670
6,1601,True,MIXED_USE_BUILDING,995000,4,650,True,False,False,False,0,False,0,2350,,False,F,good,1530.7692307692
6,2000,True,MIXED_USE_BUILDING,1595000,6,978,False,False,False,False,0,False,0,0,,False,F,good,1630.8793456033
6,6440,True,VILLA,270000,3,105,True,True,False,False,0,False,0,0,,False,W,renovated,2571.4285714286
6,8850,True,MIXED_USE_BUILDING,335000,4,176,True,False,False,False,0,False,0,2400,,False,F,to_renovate,1903.4090909091
6,9900,True,MIXED_USE_BUILDING,1200000,4,242,True,False,False,False,0,False,0,498,,False,F,good,4958.6776859504
6,9000,True,APARTMENT_BLOCK,1250000,7,420,False,False,False,False,0,False,0,142,,False,F,renovated,2976.1904761905
6,7321,True,APARTMENT_BLOCK,250000,2,222,True,False,False,True,0,False,0,0,,False,W,good,1126.1261261261
6,5550,True,MIXED_USE_BUILDING,299000,0,220,True,True,False,False,0,False,0,0,,False,W,renovated,1359.0909090909
6,8450,True,MIXED_USE_BUILDING,139900,1,90,True,False,False,False,0,False,0,0,,False,F,good,1554.4444444445
6,1435,True,MIXED_USE_BUILDING,225000,1,130,True,False,False,False,0,False,0,0,,False,W,to_renovate,1730.7692307692
6,9100,True,APARTMENT_BLOCK,285000,3,150,False,False,False,False,0,False,0,0,,False,F,good,1900
6,8000,True,MIXED_USE_BUILDING,325000,4,257,True,False,False,False,0,False,0,0,,False,F,to_renovate,1264.5914396887
6,1000,True,HOUSE,1450000,13,1590,True,False,False,False,0,False,0,0,,False,B,to_renovate,911.9496855346
6,7603,True,APARTMENT_BLOCK,280000,4,473,False,False,False,True,0,False,0,505,,False,W,to_renovate,591.9661733615
6,1170,True,MIXED_USE_BUILDING,1195000,0,445,True,False,False,True,70,False,0,470,,False,B,good,2685.393258427
6,6020,True,MIXED_USE_BUILDING,75000,6,209,False,False,False,False,0,False,0,135,,False,W,to_renovate,358.8516746411
6,1080,True,APARTMENT_BLOCK,495000,4,265,True,False,False,False,0,False,0,136,,False,B,to_renovate,1867.9245283019
6,6760,True,MIXED_USE_BUILDING,370000,1,270,False,False,False,False,0,False,0,110,,False,W,good,1370.3703703704
6,9770,True,MIXED_USE_BUILDING,489000,2,204,True,False,False,False,0,False,0,0,,False,F,to_renovate,2397.0588235294
6,1080,True,MIXED_USE_BUILDING,550000,0,660,False,False,False,False,0,False,0,186,,False,B,to_renovate,833.3333333333
6,4100,True,MIXED_USE_BUILDING,240000,3,350,False,False,False,True,0,True,25,170,,False,W,to_renovate,685.7142857143
6,8620,True,HOUSE,237500,3,130,True,False,False,False,0,True,74,143,,False,F,good,1826.9230769231
6,3370,True,HOUSE,300000,4,400,False,False,False,False,0,False,0,245,,False,F,to_renovate,750
6,6060,True,APARTMENT_BLOCK,1100000,9,2000,True,False,False,True,0,False,0,0,,False,W,good,550
6,6040,True,MIXED_USE_BUILDING,69000,3,121,True,False,False,False,0,True,25,100,,False,W,to_renovate,570.2479338843
6,1070,True,APARTMENT_BLOCK,399000,3,190,True,False,False,True,27,False,0,0,,False,B,good,2100
6,8000,True,HOUSE,149000,0,43,False,False,False,False,0,False,0,0,,False,F,good,3465.1162790698
6,9255,True,HOUSE,229000,3,130,False,False,False,True,0,False,0,157,,False,F,good,1761.5384615385
6,1745,True,APARTMENT_BLOCK,199000,0,355,False,False,False,False,0,False,0,0,,False,F,good,560.5633802817
6,8210,True,MIXED_USE_BUILDING,348940,2,277,False,False,False,False,0,False,0,277,,False,F,good,1259.7111913357
6,5500,True,APARTMENT_BLOCK,220000,3,150,False,False,False,False,0,False,0,60,,False,W,good,1466.6666666667
6,1180,True,MIXED_USE_BUILDING,995000,4,650,True,False,False,False,0,False,0,2350,,False,B,good,1530.7692307692
6,1650,True,MIXED_USE_BUILDING,995000,4,650,True,False,False,False,0,False,0,2350,,False,F,good,1530.7692307692
6,9100,True,APARTMENT_BLOCK,219000,2,92,False,False,False,True,0,False,0,0,,False,F,good,2380.4347826087
6,5575,True,MIXED_USE_BUILDING,50000,0,200,False,False,False,False,0,True,300,476,,False,W,to_renovate,250
6,2830,True,MIXED_USE_BUILDING,750000,3,360,True,False,False,True,0,False,0,0,,True,F,good,2083.3333333333
6,7370,True,APARTMENT_BLOCK,300000,7,600,False,False,False,True,0,False,0,0,,False,W,to_renovate,500
6,8210,True,MIXED_USE_BUILDING,369780,2,307,False,False,False,False,0,False,0,307,,False,F,good,1204.4951140065
6,2880,True,APARTMENT_BLOCK,524000,3,361,False,False,False,True,0,False,0,0,,False,F,good,1451.5235457064
6,6110,True,APARTMENT_BLOCK,295000,2,79,False,False,False,False,0,False,0,0,,False,W,good,3734.1772151899
6,1730,True,MIXED_USE_BUILDING,509000,5,785,True,False,False,False,0,False,0,375,,False,F,good,648.4076433121
6,4101,True,MIXED_USE_BUILDING,109000,2,180,True,False,False,True,25,True,94,219,,False,W,to_renovate,605.5555555556
6,6856,True,APARTMENT_BLOCK,230000,6,240,False,False,False,True,0,False,0,487,,False,W,good,958.3333333333
6,5550,True,APARTMENT_BLOCK,199000,5,231,True,False,False,True,0,False,0,513,,False,W,good,861.4718614719
6,7864,True,MIXED_USE_BUILDING,400000,3,217,True,False,False,False,0,False,0,829,,False,W,good,1843.3179723502
6,4350,True,MIXED_USE_BUILDING,400000,3,215,True,False,False,True,0,True,36,2486,,False,W,good,1860.4651162791
6,3400,True,MIXED_USE_BUILDING,249000,2,230,True,False,False,False,0,False,0,1116,,False,F,to_renovate,1082.6086956522
6,6630,True,MIXED_USE_BUILDING,495000,4,240,True,False,False,True,65,False,0,685,,False,W,to_renovate,2062.5
6,1000,True,APARTMENT_BLOCK,710000,6,370,False,False,False,False,0,False,0,142,,False,B,to_renovate,1918.9189189189
6,6870,True,APARTMENT_BLOCK,499000,8,452,False,False,False,True,0,False,0,2733,,False,W,good,1103.982300885
6,2060,True,APARTMENT_BLOCK,650000,3,70,False,False,False,False,0,False,0,70,,False,F,to_renovate,9285.7142857143
6,9500,True,MIXED_USE_BUILDING,259000,3,302,True,False,False,True,55,False,0,645,,False,F,good,857.6158940397
6,6760,True,APARTMENT_BLOCK,400000,16,630,True,True,False,False,0,False,0,593,,False,W,to_renovate,634.9206349206
6,6880,True,MIXED_USE_BUILDING,180000,6,226,False,False,False,True,0,False,0,279,,False,W,to_renovate,796.4601769912
6,1060,True,APARTMENT_BLOCK,699000,8,290,True,False,False,False,0,False,0,132,,False,B,to_renovate,2410.3448275862
6,9620,True,MIXED_USE_BUILDING,249900,1,250,True,False,False,False,0,False,0,100,,False,F,to_renovate,999.6
6,1060,True,HOUSE,675000,5,275,True,False,False,False,0,True,70,204,,False,B,to_renovate,2454.5454545455
6,3960,True,MIXED_USE_BUILDING,449000,3,420,True,False,False,True,36,False,0,1151,,False,F,good,1069.0476190476
6,1040,True,APARTMENT_BLOCK,595000,5,275,True,False,False,False,0,False,0,70,,False,B,good,2163.6363636364
6,1785,True,APARTMENT_BLOCK,650000,5,270,True,False,False,True,0,False,0,190,,False,F,to_renovate,2407.4074074074
6,7180,True,MIXED_USE_BUILDING,298000,4,491,True,False,True,True,35,True,217,579,,False,W,to_renovate,606.9246435845
6,3450,True,MIXED_USE_BUILDING,185000,4,253,True,False,False,True,6,False,0,264,,False,F,to_renovate,731.2252964427
6,4800,True,MIXED_USE_BUILDING,240000,3,145,True,False,False,True,10,False,0,92,,False,W,good,1655.1724137931
6,3680,True,MIXED_USE_BUILDING,545000,5,347,True,False,True,True,0,False,0,4452,,False,F,to_renovate,1570.6051873199
6,3800,True,HOUSE,189000,2,124,True,False,False,True,28,False,0,120,,False,F,good,1524.1935483871
6,9320,True,APARTMENT_BLOCK,359000,3,152,True,False,False,False,0,False,0,260,,False,F,good,2361.8421052632
6,1050,True,APARTMENT_BLOCK,579000,6,250,True,False,False,True,0,False,0,90,,False,B,to_renovate,2316
6,4340,True,APARTMENT_BLOCK,549000,4,200,True,False,False,True,20,True,700,1211,,False,W,renovated,2745
6,4040,True,APARTMENT_BLOCK,725000,8,280,True,False,False,False,0,False,0,97,,False,W,good,2589.2857142857
6,6200,True,APARTMENT_BLOCK,210000,3,140,True,False,False,True,25,True,25,70,,False,W,good,1500
6,2018,True,MIXED_USE_BUILDING,295000,4,127,True,False,False,False,0,False,0,52,,False,F,to_renovate,2322.8346456693
6,1000,True,APARTMENT_BLOCK,540000,5,270,True,False,False,False,0,False,0,90,,False,B,to_renovate,2000
6,7860,True,MIXED_USE_BUILDING,120000,2,100,True,False,False,True,16,False,0,96,,False,W,good,1200
6,9600,True,HOUSE,199500,4,300,True,True,False,True,8,True,29,320,,False,F,good,665
6,4530,True,MIXED_USE_BUILDING,469000,10,720,True,False,False,False,0,False,0,4420,,False,W,to_renovate,651.3888888889
6,4000,True,APARTMENT_BLOCK,515000,4,225,True,False,False,False,0,False,0,126,,False,W,renovated,2288.8888888889
6,1200,True,APARTMENT_BLOCK,875000,5,226,False,False,False,True,25,True,150,273,,False,B,good,3871.6814159292
6,1000,True,APARTMENT_BLOCK,1350000,5,450,False,False,False,True,6,True,60,193,,False,B,to_renovate,3000
6,6040,True,APARTMENT_BLOCK,124000,1,67,True,False,False,False,0,True,51,156,,False,W,good,1850.7462686567
6,6890,True,MIXED_USE_BUILDING,350000,12,440,False,False,False,False,0,False,0,1549,,False,W,good,795.4545454545
6,1840,True,MIXED_USE_BUILDING,450000,4,220,True,False,False,True,87,True,30,371,,False,F,good,2045.4545454546
6,2460,True,MIXED_USE_BUILDING,524999,4,214,True,False,False,True,15,True,60,880,,False,F,renovated,2453.2663551402
6,1060,True,MIXED_USE_BUILDING,860000,3,360,True,False,False,False,0,False,0,0,,False,B,good,2388.8888888889
6,4430,True,MIXED_USE_BUILDING,189000,4,160,True,False,False,False,0,False,0,106,,False,W,to_renovate,1181.25
6,3370,True,MIXED_USE_BUILDING,445000,3,280,True,False,True,True,13,True,275,496,,False,F,good,1589.2857142857
6,1315,True,COUNTRY_COTTAGE,599000,5,450,True,False,True,True,80,True,1325,1831,,False,W,good,1331.1111111111
6,6940,True,APARTMENT_BLOCK,325000,5,196,False,False,True,True,40,False,0,321,,True,W,good,1658.1632653061
6,6941,True,HOUSE,439000,13,415,False,False,False,True,50,True,3000,4223,,False,W,good,1057.8313253012
6,9000,True,APARTMENT_BLOCK,1530000,10,650,True,False,False,True,20,False,0,554,,False,F,good,2353.8461538462
6,3580,True,HOUSE,274000,4,198,True,False,False,True,22,True,22,120,,False,F,good,1383.8383838384
6,1360,True,MIXED_USE_BUILDING,285000,3,210,True,False,False,True,27,False,0,159,,False,W,good,1357.1428571429
6,6560,True,APARTMENT_BLOCK,89000,2,100,True,True,False,False,0,False,0,220,,False,W,to_renovate,890
6,9500,True,MIXED_USE_BUILDING,200000,3,135,True,False,False,False,0,False,0,553,,False,F,good,1481.4814814815
6,1400,True,MIXED_USE_BUILDING,250000,4,170,True,False,False,False,0,True,15,100,,False,W,good,1470.5882352941
6,1120,True,HOUSE,595000,3,200,True,False,False,False,0,True,650,580,,False,B,good,2975
6,1070,True,HOUSE,785000,8,595,True,False,False,False,0,False,0,280,,False,B,to_renovate,1319.3277310924
6,1830,True,APARTMENT_BLOCK,1199000,11,410,True,False,False,True,0,True,70,1400,,False,F,good,2924.3902439024
6,3001,True,APARTMENT_BLOCK,1850000,11,400,True,False,False,False,0,False,0,191,,False,F,good,4625
6,5100,True,HOUSE,250000,6,270,False,False,True,True,50,False,0,440,,False,W,to_renovate,925.9259259259
6,1030,True,MANSION,890000,5,410,True,False,True,False,0,False,0,262,,False,B,renovated,2170.7317073171
6,1210,True,APARTMENT_BLOCK,530000,5,245,True,False,False,False,0,False,0,65,,False,B,good,2163.2653061225
6,8301,True,APARTMENT_BLOCK,2400000,14,720,True,False,False,False,0,False,0,144,,False,F,renovated,3333.3333333333
6,4830,True,APARTMENT_BLOCK,170000,5,242,True,False,False,True,16,False,0,184,,False,W,to_renovate,702.479338843
6,4820,True,APARTMENT_BLOCK,269000,7,267,True,False,False,False,0,False,0,90,,False,W,to_renovate,1007.4906367041
6,9120,True,TOWN_HOUSE,275000,3,270,True,False,False,True,12,False,0,121,,False,F,good,1018.5185185185
6,4040,True,MIXED_USE_BUILDING,550000,2,260,True,True,True,True,0,False,0,250,,False,W,good,2115.3846153846
6,7500,True,MIXED_USE_BUILDING,185000,2,90,True,False,False,False,0,False,0,97,,False,W,good,2055.5555555556
6,7301,True,APARTMENT_BLOCK,215000,4,100,True,False,False,False,0,False,0,161,,False,W,good,2150
6,4040,True,APARTMENT_BLOCK,225000,5,212,True,False,False,False,0,True,179,236,,False,W,to_renovate,1061.320754717
6,3400,True,MIXED_USE_BUILDING,450000,4,429,True,False,False,True,20,False,0,309,,False,F,to_renovate,1048.9510489511
6,6180,True,MIXED_USE_BUILDING,169000,2,200,True,False,False,True,80,True,190,190,,False,W,good,845
6,2060,True,HOUSE,190000,3,120,True,False,False,False,0,False,0,50,,False,F,to_renovate,1583.3333333333
6,6900,True,MIXED_USE_BUILDING,259000,3,257,True,False,False,True,12,False,0,96,,False,W,renovated,1007.7821011673
6,1470,True,MIXED_USE_BUILDING,275000,3,227,True,False,False,False,0,False,0,190,,False,W,good,1211.4537444934
6,2060,True,OTHER_PROPERTY,279000,4,180,True,False,False,False,0,False,0,50,,False,F,good,1550
6,4630,True,MIXED_USE_BUILDING,299000,3,270,True,False,False,True,24,True,286,550,,False,W,to_renovate,1107.4074074074
6,2800,True,MIXED_USE_BUILDING,530000,4,245,True,False,False,True,30,False,0,191,,False,F,good,2163.2653061225
6,9600,True,MIXED_USE_BUILDING,399000,5,462,True,False,True,True,46,False,0,462,,False,F,renovated,863.6363636364
6,2650,True,APARTMENT_BLOCK,700000,1,308,True,False,False,False,0,False,0,104,,False,F,good,2272.7272727273
6,2960,True,HOUSE,369000,3,152,False,False,True,True,0,False,0,1090,,False,F,good,2427.6315789474
6,9500,True,MIXED_USE_BUILDING,349900,4,227,True,False,False,False,0,False,0,1302,,False,F,renovated,1541.40969163
6,4450,True,EXCEPTIONAL_PROPERTY,580000,6,490,True,False,False,True,0,True,1680,1992,,False,W,good,1183.6734693878
6,7110,True,APARTMENT_BLOCK,184999,3,240,True,False,False,True,22,False,0,117,,False,W,good,770.8291666667
6,4500,True,MIXED_USE_BUILDING,199500,5,270,True,False,False,False,0,False,0,0,,False,W,renovated,738.8888888889
6,6040,True,APARTMENT_BLOCK,249000,2,190,True,False,False,True,0,True,47,116,,False,W,good,1310.5263157895
6,1030,True,APARTMENT_BLOCK,295000,2,160,False,False,False,True,20,False,0,0,,False,B,to_renovate,1843.75
6,2060,True,MANSION,359900,8,300,True,False,False,True,10,False,0,120,,False,F,to_renovate,1199.6666666667
6,9140,True,MIXED_USE_BUILDING,450000,3,483,True,True,False,False,0,False,0,246,,False,F,renovated,931.6770186335
6,1070,True,APARTMENT_BLOCK,475000,8,450,True,False,False,True,0,False,0,179,,False,B,good,1055.5555555556
6,8000,True,HOUSE,499000,8,253,True,True,False,True,10,False,0,112,,False,F,good,1972.3320158103
6,8300,True,MANSION,535000,5,287,True,False,True,True,21,True,22,72,,False,F,renovated,1864.1114982578
6,1140,True,MIXED_USE_BUILDING,860000,2,485,True,False,False,True,19,False,0,350,,False,B,good,1773.1958762887
6,4130,True,HOUSE,280000,3,150,True,False,False,True,10,True,100,200,,False,W,to_renovate,1866.6666666667
6,4431,True,MIXED_USE_BUILDING,279900,5,200,True,False,False,True,60,True,60,223,,False,W,good,1399.5
6,5000,True,APARTMENT_BLOCK,299000,2,180,False,False,False,False,0,False,0,265,,False,W,renovated,1661.1111111111
6,9000,True,HOUSE,249000,2,150,True,False,False,True,5,True,18,115,,False,F,good,1660
6,1030,True,HOUSE,455000,8,360,True,False,False,False,0,False,0,150,,False,B,to_renovate,1263.8888888889
6,2321,True,HOUSE,1100000,6,500,True,False,False,False,0,False,0,1000,,False,F,good,2200
6,4650,True,APARTMENT_BLOCK,295000,6,280,True,False,False,False,0,False,0,138,,False,W,good,1053.5714285714
6,4430,True,MIXED_USE_BUILDING,259000,2,90,True,False,False,True,60,True,200,0,,False,W,renovated,2877.7777777778
6,7500,True,APARTMENT_BLOCK,139000,0,100,True,False,False,False,0,False,0,0,,False,W,to_renovate,1390
6,3140,True,HOUSE,172000,3,160,False,False,False,True,10,False,0,220,,False,F,to_renovate,1075
6,9500,True,MIXED_USE_BUILDING,195000,4,170,False,False,False,False,0,False,0,80,,False,F,to_renovate,1147.0588235294
6,4000,True,APARTMENT_BLOCK,299000,3,227,True,False,False,True,0,False,0,0,,False,W,to_renovate,1317.1806167401
6,4900,True,APARTMENT_BLOCK,545000,3,171,False,False,True,False,0,False,0,0,,False,W,good,3187.134502924
6,1341,True,MIXED_USE_BUILDING,650000,4,160,True,False,False,True,0,False,0,1400,,False,W,good,4062.5
6,4600,True,FARMHOUSE,675000,4,238,False,False,True,True,0,False,0,2762,,False,W,to_renovate,2836.1344537815
6,9000,True,HOUSE,720000,2,210,True,False,False,False,0,True,70,191,,False,F,good,3428.5714285714
6,1040,True,APARTMENT_BLOCK,1549000,8,420,True,False,False,True,12,False,0,230,,False,B,good,3688.0952380952
6,2018,True,OTHER_PROPERTY,619000,8,320,True,False,False,False,0,False,0,110,,False,F,to_renovate,1934.375
6,1785,True,MIXED_USE_BUILDING,474000,4,288,True,False,False,True,135,False,0,372,,False,F,good,1645.8333333333
6,6041,True,MIXED_USE_BUILDING,105000,2,121,True,False,False,False,0,False,0,37,,False,W,good,867.7685950413
6,8500,True,MIXED_USE_BUILDING,175000,1,75,True,False,False,False,0,False,0,0,,False,F,good,2333.3333333333
6,4800,True,APARTMENT_BLOCK,265000,3,401,True,False,False,True,44,False,0,150,,False,W,to_renovate,660.8478802993
6,4420,True,APARTMENT_BLOCK,289900,3,218,True,False,False,True,11,False,0,112,,False,W,good,1329.8165137615
6,4000,True,APARTMENT_BLOCK,305000,6,154,True,True,False,True,8,True,42,100,,False,W,to_renovate,1980.5194805195
6,2200,True,MIXED_USE_BUILDING,399000,6,270,True,False,False,True,15,True,60,234,,False,F,to_renovate,1477.7777777778
6,4031,True,APARTMENT_BLOCK,430000,0,265,True,False,False,True,15,True,102,0,,False,W,to_renovate,1622.641509434
6,2270,True,MIXED_USE_BUILDING,550000,0,400,True,False,False,False,0,False,0,0,,False,F,good,1375
6,4800,True,APARTMENT_BLOCK,2450000,71,2540,True,False,False,False,0,False,0,2945,,False,W,good,964.5669291339
6,1770,True,HOUSE,210000,3,120,True,False,False,True,26,False,0,114,,False,F,to_renovate,1750
6,3960,True,MIXED_USE_BUILDING,498000,4,930,True,False,False,True,0,False,0,7028,,False,F,to_renovate,535.4838709677
6,1653,True,EXCEPTIONAL_PROPERTY,849000,3,1339,True,False,False,False,0,False,0,0,,True,F,good,634.0552651232
6,3320,True,APARTMENT_BLOCK,675000,2,85,True,False,False,False,0,False,0,730,,False,F,to_renovate,7941.1764705882
6,2000,True,APARTMENT_BLOCK,830000,6,360,True,False,False,False,0,False,0,109,,False,F,good,2305.5555555556
6,6000,True,APARTMENT_BLOCK,114000,1,160,True,False,False,False,0,False,0,39,,False,W,good,712.5
6,8420,True,MIXED_USE_BUILDING,365000,5,195,True,False,False,False,0,False,0,118,,False,F,to_renovate,1871.7948717949
6,1090,True,APARTMENT_BLOCK,455000,3,216,True,False,True,True,20,False,0,85,,False,B,good,2106.4814814815
6,3500,True,APARTMENT_BLOCK,1000000,4,344,False,False,False,False,0,False,0,190,,False,F,good,2906.9767441861
6,1090,True,MIXED_USE_BUILDING,2390000,15,2000,True,False,False,False,0,False,0,700,,False,B,good,1195
6,1190,True,APARTMENT_BLOCK,340000,3,150,False,False,False,False,0,False,0,0,,False,B,to_renovate,2266.6666666667
6,1430,True,MIXED_USE_BUILDING,580000,4,175,True,False,False,True,0,True,140,1057,,False,W,good,3314.2857142857
6,9200,True,MIXED_USE_BUILDING,259000,2,230,True,False,False,False,0,False,0,95,,False,F,good,1126.0869565217
6,9500,True,MIXED_USE_BUILDING,395000,6,240,True,False,False,True,0,True,42,691,,False,F,good,1645.8333333333
6,5580,True,MIXED_USE_BUILDING,465000,9,610,True,False,True,True,45,True,800,1440,,False,W,good,762.2950819672
6,3550,True,VILLA,1150000,4,456,True,False,True,False,0,False,0,1933,,True,F,good,2521.9298245614
6,4683,True,HOUSE,225000,4,157,True,False,False,False,0,True,300,410,,False,W,good,1433.1210191083
6,7500,True,MIXED_USE_BUILDING,225000,4,260,True,False,False,True,0,False,0,159,,False,W,to_renovate,865.3846153846
6,1300,True,MIXED_USE_BUILDING,275000,1,90,True,False,False,False,0,False,0,0,,False,W,renovated,3055.5555555556
6,2300,True,MIXED_USE_BUILDING,289000,2,225,True,False,False,False,0,False,0,111,,False,F,good,1284.4444444445
6,8420,True,MIXED_USE_BUILDING,295000,3,250,True,False,False,False,0,False,0,99,,False,F,good,1180
6,2060,True,HOUSE,315000,4,140,True,False,False,True,16,False,0,44,,False,F,good,2250
6,3770,True,HOUSE,350000,5,235,True,False,False,False,0,True,650,850,,False,F,good,1489.3617021277
6,2235,True,MIXED_USE_BUILDING,375000,2,307,True,False,False,True,0,False,0,505,,False,F,renovated,1221.4983713355
6,3090,True,MIXED_USE_BUILDING,395000,0,318,True,False,False,True,0,False,0,1100,,False,F,good,1242.1383647799
6,1020,True,APARTMENT_BLOCK,399000,5,341,True,False,False,True,7,False,0,94,,False,B,good,1170.0879765396
6,9255,True,MIXED_USE_BUILDING,495000,4,200,True,False,False,True,40,True,800,1005,,False,F,good,2475
6,7160,True,APARTMENT_BLOCK,899999,2,1000,True,False,False,True,0,False,0,1300,,False,W,good,899.999
6,4170,True,HOUSE,124000,2,97,False,False,False,False,0,False,0,129,,False,W,to_renovate,1278.3505154639
6,6830,True,APARTMENT_BLOCK,549000,9,466,False,False,False,True,0,False,0,162,,False,W,good,1178.1115879828
6,4000,True,MIXED_USE_BUILDING,550000,3,185,True,False,False,False,0,True,92,92,,False,W,good,2972.972972973
6,3770,True,OTHER_PROPERTY,300000,6,180,True,False,False,False,0,True,270,984,,False,F,good,1666.6666666667
6,2000,True,APARTMENT_BLOCK,485000,2,155,True,False,False,True,20,False,0,68,,False,F,good,3129.0322580645
6,9040,True,MIXED_USE_BUILDING,389000,0,165,False,False,False,False,0,False,0,212,,False,F,to_renovate,2357.5757575758
6,6031,True,APARTMENT_BLOCK,280000,2,140,True,False,False,False,0,False,0,1485,,False,W,good,2000
6,4960,True,HOUSE,235000,3,207,True,False,False,True,8,False,0,215,,False,W,good,1135.2657004831
6,4040,True,MIXED_USE_BUILDING,265000,5,214,True,False,False,True,28,False,0,165,,False,W,good,1238.3177570094
6,9810,True,MIXED_USE_BUILDING,348000,3,245,True,False,False,True,40,False,0,220,,False,F,good,1420.4081632653
6,1080,True,HOUSE,440000,5,400,True,False,False,False,0,False,0,220,,False,B,to_renovate,1100
6,2500,True,MIXED_USE_BUILDING,525000,2,160,True,False,False,True,80,False,0,144,,False,F,good,3281.25
6,4257,True,APARTMENT_BLOCK,750000,2,908,True,False,False,False,0,False,0,2978,,False,W,good,825.9911894273
6,5580,True,MIXED_USE_BUILDING,169000,2,214,True,False,False,False,0,False,0,223,,False,W,to_renovate,789.7196261682
6,4020,True,HOUSE,259000,6,187,True,False,False,True,30,True,30,79,,False,W,good,1385.0267379679
6,2000,True,MIXED_USE_BUILDING,799000,7,450,False,False,False,False,0,False,0,97,,False,F,to_renovate,1775.5555555556
6,4800,True,APARTMENT_BLOCK,155000,6,201,True,False,False,False,0,True,120,194,,False,W,to_renovate,771.144278607
6,1853,True,APARTMENT_BLOCK,630000,1,225,True,False,False,True,20,True,65,170,,False,F,renovated,2800
6,4870,True,MIXED_USE_BUILDING,210000,5,159,True,False,False,True,0,False,0,301,,False,W,to_renovate,1320.7547169811
6,4020,True,MIXED_USE_BUILDING,249500,2,95,True,False,False,False,0,False,0,147,,False,W,good,2626.3157894737
6,5000,True,MIXED_USE_BUILDING,499000,3,227,True,False,False,False,0,False,0,67,,False,W,good,2198.2378854626
6,2000,True,APARTMENT_BLOCK,800000,8,235,True,False,False,False,0,False,0,60,,False,F,to_renovate,3404.2553191489
6,1180,True,APARTMENT_BLOCK,890000,0,295,False,False,False,False,0,False,0,151,,False,B,renovated,3016.9491525424
6,9000,True,HOUSE,795000,3,268,False,False,False,True,0,False,0,89,,False,F,good,2966.4179104478
6,2610,True,APARTMENT_BLOCK,499000,4,249,True,False,False,True,5,True,56,193,,False,F,good,2004.016064257
6,4030,True,HOUSE,109000,2,170,True,False,False,True,0,False,0,125,,False,W,to_renovate,641.1764705882
6,6030,True,APARTMENT_BLOCK,130000,3,200,False,False,False,False,0,False,0,100,,False,W,to_renovate,650
6,6000,True,MIXED_USE_BUILDING,197500,4,200,False,False,False,False,0,False,0,80,,False,W,good,987.5
6,6000,True,APARTMENT_BLOCK,220000,5,200,True,False,False,True,0,False,0,375,,False,W,good,1100
6,4257,True,MIXED_USE_BUILDING,225000,0,200,True,False,False,True,0,False,0,2978,,False,W,good,1125
6,6834,True,MIXED_USE_BUILDING,250000,3,200,True,False,False,True,0,False,0,332,,False,W,good,1250
6,6043,True,APARTMENT_BLOCK,475000,7,400,True,True,False,False,0,True,250,1241,,False,W,to_renovate,1187.5
6,1080,True,APARTMENT_BLOCK,640000,7,240,True,False,False,True,0,False,0,131,,False,B,good,2666.6666666667
6,5000,True,APARTMENT_BLOCK,645000,9,170,False,True,False,False,0,False,0,1,,False,W,renovated,3794.1176470588
6,3090,True,MIXED_USE_BUILDING,770000,5,550,True,False,False,False,0,False,0,0,,False,F,good,1400
6,7530,True,MIXED_USE_BUILDING,950000,4,950,True,False,False,True,75,False,0,5600,,False,W,good,1000
6,4900,True,APARTMENT_BLOCK,144500,3,154,True,False,False,False,0,False,0,70,,False,W,to_renovate,938.3116883117
6,6030,True,APARTMENT_BLOCK,159999,3,64,True,False,False,False,0,True,15,100,,False,W,good,2499.984375
6,6950,True,HOUSE,160000,7,455,True,False,True,False,0,False,0,3700,,False,W,to_renovate,351.6483516484
6,4160,True,APARTMENT_BLOCK,169000,5,277,True,False,False,True,0,True,204,1455,,False,W,good,610.1083032491
6,4650,True,MIXED_USE_BUILDING,175000,4,250,False,False,False,True,0,False,0,110,,False,W,to_renovate,700
6,9500,True,MIXED_USE_BUILDING,185000,3,155,True,False,False,True,14,False,0,193,,False,F,good,1193.5483870968
6,9506,True,MIXED_USE_BUILDING,189000,3,193,True,False,False,False,0,False,0,180,,False,F,to_renovate,979.274611399
6,9500,True,MIXED_USE_BUILDING,225000,5,166,True,False,False,False,0,False,0,166,,False,F,to_renovate,1355.421686747
6,1050,True,HOUSE,740000,3,295,True,False,True,True,15,False,0,100,,False,B,to_renovate,2508.4745762712
6,6940,True,HOUSE,160000,6,230,True,False,False,False,0,False,0,793,,False,W,to_renovate,695.652173913
6,5500,True,MIXED_USE_BUILDING,975000,8,680,True,False,False,True,0,False,0,340,,False,W,to_renovate,1433.8235294118
6,4920,True,HOUSE,80000,4,320,False,False,False,True,0,False,0,218,,False,W,to_renovate,250
6,6762,True,APARTMENT_BLOCK,250000,0,250,True,False,False,False,0,False,0,272,,False,W,good,1000
6,1060,True,APARTMENT_BLOCK,395000,4,240,True,False,False,True,0,False,0,0,,False,B,to_renovate,1645.8333333333
6,3071,True,MIXED_USE_BUILDING,399000,5,193,False,False,False,True,0,False,0,1199,,False,F,to_renovate,2067.3575129534
6,1700,True,APARTMENT_BLOCK,725000,0,284,True,False,False,False,0,False,0,548,,False,F,good,2552.8169014085
6,1083,True,APARTMENT_BLOCK,1200000,4,590,False,False,False,False,0,False,0,243,,False,B,good,2033.8983050848
6,1600,True,MIXED_USE_BUILDING,340000,2,224,False,False,False,True,0,False,0,110,,False,F,good,1517.8571428572
6,1180,True,MIXED_USE_BUILDING,599000,3,180,False,False,False,True,10,False,0,0,,False,B,good,3327.7777777778
6,1070,True,APARTMENT_BLOCK,649000,4,280,False,False,False,True,0,True,68,150,,False,B,to_renovate,2317.8571428572
6,1020,True,APARTMENT_BLOCK,365000,4,223,True,False,False,False,0,False,0,0,,False,B,good,1636.7713004484
6,4280,True,MIXED_USE_BUILDING,635000,6,367,True,False,False,True,0,False,0,1268,,True,W,good,1730.2452316076
6,4020,True,APARTMENT_BLOCK,320000,4,142,True,False,False,True,0,False,0,613,,False,W,good,2253.5211267606
6,4400,True,APARTMENT_BLOCK,450000,0,268,False,False,False,False,0,False,0,1620,,False,W,good,1679.1044776119
6,1651,True,HOUSE,295000,2,150,True,False,False,True,24,False,0,211,,False,F,to_renovate,1966.6666666667
6,6030,True,APARTMENT_BLOCK,89000,3,151,True,False,False,False,0,False,0,0,,False,W,to_renovate,589.4039735099
6,4020,True,MIXED_USE_BUILDING,183000,6,228,True,False,False,False,0,False,0,28,,False,W,good,802.6315789474
6,4020,True,APARTMENT_BLOCK,239000,4,228,True,False,False,True,70,False,0,140,,False,W,to_renovate,1048.2456140351
6,1357,True,HOUSE,259000,4,225,True,False,False,True,0,False,0,344,,False,W,good,1151.1111111111
6,2100,True,HOUSE,269000,3,150,True,False,False,False,0,False,0,154,,False,F,good,1793.3333333333
6,2440,True,MIXED_USE_BUILDING,289000,4,239,True,False,False,True,0,False,0,1463,,False,F,to_renovate,1209.2050209205
6,9000,True,APARTMENT_BLOCK,325000,2,150,True,False,False,False,0,False,0,69,,False,F,to_renovate,2166.6666666667
6,7000,True,HOUSE,467500,11,445,False,False,False,False,0,False,0,386,,False,W,good,1050.5617977528
6,4360,True,MIXED_USE_BUILDING,469000,5,237,True,True,False,False,0,False,0,417,,False,W,good,1978.9029535865
6,2018,True,APARTMENT_BLOCK,490000,5,300,True,True,False,False,0,False,0,167,,False,F,to_renovate,1633.3333333333
6,6997,True,HOUSE,580000,5,420,True,False,True,False,0,False,0,2171,,False,W,good,1380.9523809524
6,2260,True,MIXED_USE_BUILDING,690000,3,409,True,False,False,False,0,False,0,561,,False,F,good,1687.0415647922
6,3271,True,APARTMENT_BLOCK,815000,10,519,True,False,False,False,0,False,0,600,,False,F,good,1570.3275529865
6,5590,True,MIXED_USE_BUILDING,300000,3,300,True,False,False,True,0,True,90,257,,False,W,good,1000
6,1082,True,MIXED_USE_BUILDING,1290000,3,230,True,False,False,True,59,False,0,296,,False,B,good,5608.6956521739
6,5575,True,APARTMENT_BLOCK,1499000,15,775,True,True,False,True,0,False,0,450,,False,W,good,1934.1935483871
6,9300,True,APARTMENT_BLOCK,489000,4,186,True,False,False,True,0,False,0,0,,False,F,good,2629.0322580645
6,6200,True,MIXED_USE_BUILDING,280000,5,400,True,False,False,True,0,True,73,250,,False,W,good,700
6,4102,True,APARTMENT_BLOCK,249000,4,170,False,False,False,False,0,False,0,215,,False,W,renovated,1464.705882353
6,1060,True,APARTMENT_BLOCK,695000,6,350,False,False,False,True,5,True,18,0,,False,B,to_renovate,1985.7142857143
6,4020,True,APARTMENT_BLOCK,299000,8,275,True,False,False,True,30,False,0,0,,False,W,to_renovate,1087.2727272727
6,6240,True,APARTMENT_BLOCK,149000,3,200,False,False,False,False,0,False,0,50,,False,W,good,745
6,4031,True,APARTMENT_BLOCK,249000,0,204,False,False,False,False,0,False,0,107,,False,W,to_renovate,1220.5882352941
6,2600,True,MIXED_USE_BUILDING,339500,4,135,True,False,False,False,0,False,0,150,,False,F,to_renovate,2514.8148148148
6,6060,True,APARTMENT_BLOCK,340000,8,280,False,False,False,True,3,False,0,143,,False,W,good,1214.2857142857
6,3290,True,APARTMENT_BLOCK,895000,11,405,True,False,False,True,0,False,0,180,,False,F,good,2209.8765432099
6,1150,True,APARTMENT_BLOCK,3500000,0,1796,False,False,False,True,172,False,0,1200,,False,B,to_renovate,1948.7750556793
6,4100,True,APARTMENT_BLOCK,450000,3,350,True,False,False,True,10,True,50,500,,False,W,good,1285.7142857143
6,9270,True,MIXED_USE_BUILDING,585000,4,292,True,False,True,False,0,True,1200,1737,,False,F,good,2003.4246575343
6,4000,True,HOUSE,299000,3,170,True,False,False,True,20,True,150,294,,False,W,good,1758.8235294118
6,6040,True,MIXED_USE_BUILDING,185000,4,180,True,False,False,True,0,False,0,0,,False,W,good,1027.7777777778
6,7000,True,APARTMENT_BLOCK,650000,7,302,False,False,False,False,0,False,0,100,,False,W,good,2152.3178807947
6,5500,True,HOUSE,390000,3,212,True,False,False,True,60,False,0,626,,False,W,good,1839.6226415094
6,2290,True,HOUSE,335000,3,190,True,False,False,True,0,False,0,684,,False,F,good,1763.1578947369
6,8370,True,HOUSE,179000,5,172,True,False,False,False,0,False,0,0,,False,F,good,1040.6976744186
6,9500,True,HOUSE,119000,2,80,True,False,False,False,0,False,0,40,,False,F,good,1487.5
6,7500,True,APARTMENT_BLOCK,175000,3,153,False,False,False,False,0,False,0,58,,False,W,good,1143.7908496732
6,5000,True,APARTMENT_BLOCK,239000,6,137,True,False,False,False,0,False,0,0,,False,W,good,1744.5255474453
6,9000,True,HOUSE,249000,3,135,True,False,False,False,0,False,0,45,,False,F,to_renovate,1844.4444444445
6,7000,True,APARTMENT_BLOCK,289500,2,151,False,False,False,False,0,False,0,450,,False,W,good,1917.2185430464
6,7100,True,MIXED_USE_BUILDING,290000,0,275,True,False,False,False,0,False,0,0,,False,W,good,1054.5454545455
6,8660,True,OTHER_PROPERTY,350000,6,301,True,False,False,True,8,True,100,210,,False,F,to_renovate,1162.7906976744
6,1840,True,HOUSE,375000,0,257,False,False,False,False,0,False,0,254,,False,F,to_renovate,1459.1439688716
6,1082,True,HOUSE,435000,6,185,True,False,False,True,18,True,75,139,,False,B,good,2351.3513513514
